,effortsLeft,effortsRight,r01,r02,r12
0,"[-1,-1,-1,0]","[-1,-1,0,1]",0.3,0.3,0.4
1,"[-1,-1,-1,0]","[-1,-1,1,0]",0.18181818181818182,0.0,0.8181818181818182
2,"[-1,-1,-1,0]","[-1,0,-1,1]",0.0,0.8181818181818182,0.18181818181818182
3,"[-1,-1,-1,0]","[-1,0,0,1]",0.0,0.4,0.6
4,"[-1,-1,-1,0]","[-1,0,1,1]",0.4444444444444444,0.1111111111111111,0.4444444444444444
5,"[-1,-1,-1,0]","[-1,1,0,0]",0.2,0.0,0.8
6,"[-1,-1,-1,0]","[-1,1,1,0]",0.4,0.1,0.5
7,"[-1,-1,-1,0]","[0,-1,-1,-1]",0.7,0.2,0.1
8,"[-1,-1,-1,0]","[0,-1,0,1]",0.1,0.0,0.9
9,"[-1,-1,-1,0]","[0,-1,1,-1]",0.7272727272727273,0.0,0.2727272727272727
10,"[-1,-1,-1,0]","[0,-1,1,0]",0.16666666666666666,0.1111111111111111,0.7222222222222222
11,"[-1,-1,-1,0]","[0,-1,1,1]",0.3,0.0,0.7
12,"[-1,-1,-1,0]","[0,0,-1,-1]",0.5555555555555556,0.2777777777777778,0.16666666666666666
13,"[-1,-1,-1,0]","[0,0,1,1]",0.4,0.2,0.4
14,"[-1,-1,-1,0]","[0,1,-1,-1]",0.5,0.4,0.1
15,"[-1,-1,-1,0]","[0,1,-1,0]",0.2727272727272727,0.5454545454545454,0.18181818181818182
16,"[-1,-1,-1,0]","[0,1,0,-1]",0.6,0.1,0.3
17,"[-1,-1,-1,0]","[1,-1,-1,0]",0.1,0.5,0.4
18,"[-1,-1,-1,0]","[1,-1,0,-1]",0.6,0.1,0.3
19,"[-1,-1,-1,0]","[1,-1,0,0]",0.0,0.1,0.9
20,"[-1,-1,-1,0]","[1,0,-1,-1]",0.4375,0.3125,0.25
21,"[-1,-1,-1,0]","[1,0,-1,0]",0.0,0.6,0.4
22,"[-1,-1,-1,0]","[1,0,-1,1]",0.3,0.4,0.3
23,"[-1,-1,-1,0]","[1,0,0,-1]",0.5833333333333334,0.08333333333333333,0.3333333333333333
24,"[-1,-1,-1,0]","[1,0,1,0]",0.35714285714285715,0.21428571428571427,0.42857142857142855
25,"[-1,-1,-1,0]","[1,1,0,-1]",0.5,0.1,0.4
26,"[-1,-1,-1,0]","[1,1,0,1]",0.2777777777777778,0.1111111111111111,0.6111111111111112
27,"[-1,-1,0,-1]","[-1,-1,-1,0]",0.4,0.1,0.5
28,"[-1,-1,0,-1]","[-1,-1,0,1]",0.2,0.1,0.7
29,"[-1,-1,0,-1]","[-1,0,-1,1]",0.09090909090909091,0.09090909090909091,0.8181818181818182
30,"[-1,-1,0,-1]","[-1,0,0,-1]",0.08333333333333333,0.25,0.6666666666666666
31,"[-1,-1,0,-1]","[-1,0,1,1]",0.3,0.1,0.6
32,"[-1,-1,0,-1]","[-1,1,-1,0]",0.18181818181818182,0.36363636363636365,0.45454545454545453
33,"[-1,-1,0,-1]","[-1,1,0,0]",0.2,0.3,0.5
34,"[-1,-1,0,-1]","[-1,1,0,1]",0.05555555555555555,0.16666666666666666,0.7777777777777778
35,"[-1,-1,0,-1]","[-1,1,1,0]",0.45454545454545453,0.09090909090909091,0.45454545454545453
36,"[-1,-1,0,-1]","[0,-1,-1,-1]",0.16666666666666666,0.6666666666666666,0.16666666666666666
37,"[-1,-1,0,-1]","[0,-1,-1,0]",0.23076923076923078,0.07692307692307693,0.6923076923076923
38,"[-1,-1,0,-1]","[0,-1,-1,1]",0.2,0.2,0.6
39,"[-1,-1,0,-1]","[0,-1,0,-1]",0.0,0.9,0.1
40,"[-1,-1,0,-1]","[0,-1,1,-1]",0.2,0.6,0.2
41,"[-1,-1,0,-1]","[0,-1,1,1]",0.2,0.2,0.6
42,"[-1,-1,0,-1]","[0,0,-1,-1]",0.25,0.4375,0.3125
43,"[-1,-1,0,-1]","[0,0,-1,1]",0.5,0.1,0.4
44,"[-1,-1,0,-1]","[0,0,1,-1]",0.09090909090909091,0.5454545454545454,0.36363636363636365
45,"[-1,-1,0,-1]","[0,0,1,1]",0.36363636363636365,0.0,0.6363636363636364
46,"[-1,-1,0,-1]","[0,1,-1,0]",0.5,0.3,0.2
47,"[-1,-1,0,-1]","[0,1,0,-1]",0.2,0.7,0.1
48,"[-1,-1,0,-1]","[0,1,0,1]",0.09090909090909091,0.09090909090909091,0.8181818181818182
49,"[-1,-1,0,-1]","[0,1,1,-1]",0.11764705882352941,0.5294117647058824,0.35294117647058826
50,"[-1,-1,0,-1]","[1,-1,-1,0]",0.2727272727272727,0.09090909090909091,0.6363636363636364
51,"[-1,-1,0,-1]","[1,-1,1,0]",0.4,0.2,0.4
52,"[-1,-1,0,-1]","[1,0,-1,-1]",0.2,0.7,0.1
53,"[-1,-1,0,-1]","[1,0,-1,0]",0.36363636363636365,0.18181818181818182,0.45454545454545453
54,"[-1,-1,0,-1]","[1,0,-1,1]",0.4,0.0,0.6
55,"[-1,-1,0,-1]","[1,0,0,-1]",0.0,0.7333333333333333,0.26666666666666666
56,"[-1,-1,0,-1]","[1,0,0,1]",0.09090909090909091,0.09090909090909091,0.8181818181818182
57,"[-1,-1,0,-1]","[1,0,1,0]",0.16666666666666666,0.16666666666666666,0.6666666666666666
58,"[-1,-1,0,-1]","[1,0,1,1]",0.3333333333333333,0.0,0.6666666666666666
59,"[-1,-1,0,-1]","[1,1,0,1]",0.18181818181818182,0.0,0.8181818181818182
60,"[-1,-1,0,-1]","[1,1,1,0]",0.3,0.1,0.6
61,"[-1,-1,0,0]","[-1,-1,-1,0]",0.7333333333333333,0.06666666666666667,0.2
62,"[-1,-1,0,0]","[-1,-1,0,-1]",0.7,0.3,0.0
63,"[-1,-1,0,0]","[-1,-1,0,1]",0.7,0.0,0.3
64,"[-1,-1,0,0]","[-1,-1,1,0]",0.5333333333333333,0.0,0.4666666666666667
65,"[-1,-1,0,0]","[-1,0,-1,-1]",0.9333333333333333,0.0,0.06666666666666667
66,"[-1,-1,0,0]","[-1,0,1,-1]",0.9090909090909091,0.09090909090909091,0.0
67,"[-1,-1,0,0]","[-1,0,1,0]",0.9,0.1,0.0
68,"[-1,-1,0,0]","[-1,1,0,-1]",0.9333333333333333,0.0,0.06666666666666667
69,"[-1,-1,0,0]","[-1,1,0,0]",0.7857142857142857,0.14285714285714285,0.07142857142857142
70,"[-1,-1,0,0]","[-1,1,1,0]",0.7272727272727273,0.09090909090909091,0.18181818181818182
71,"[-1,-1,0,0]","[0,-1,0,1]",0.8181818181818182,0.09090909090909091,0.09090909090909091
72,"[-1,-1,0,0]","[0,-1,1,1]",0.9,0.0,0.1
73,"[-1,-1,0,0]","[0,0,1,-1]",0.9090909090909091,0.0,0.09090909090909091
74,"[-1,-1,0,0]","[0,0,1,1]",0.9,0.0,0.1
75,"[-1,-1,0,0]","[0,1,-1,0]",0.7,0.1,0.2
76,"[-1,-1,0,0]","[0,1,-1,1]",0.7692307692307693,0.15384615384615385,0.07692307692307693
77,"[-1,-1,0,0]","[0,1,0,-1]",0.8,0.0,0.2
78,"[-1,-1,0,0]","[0,1,0,1]",0.8,0.0,0.2
79,"[-1,-1,0,0]","[0,1,1,-1]",0.8461538461538461,0.15384615384615385,0.0
80,"[-1,-1,0,0]","[0,1,1,0]",0.8333333333333334,0.08333333333333333,0.08333333333333333
81,"[-1,-1,0,0]","[1,-1,0,-1]",0.7272727272727273,0.09090909090909091,0.18181818181818182
82,"[-1,-1,0,0]","[1,-1,0,1]",0.8571428571428571,0.0,0.14285714285714285
83,"[-1,-1,0,0]","[1,0,-1,1]",0.7333333333333333,0.06666666666666667,0.2
84,"[-1,-1,0,0]","[1,0,0,1]",0.4666666666666667,0.0,0.5333333333333333
85,"[-1,-1,0,0]","[1,0,1,-1]",0.8,0.2,0.0
86,"[-1,-1,0,0]","[1,0,1,0]",0.5714285714285714,0.14285714285714285,0.2857142857142857
87,"[-1,-1,0,0]","[1,1,-1,0]",0.7,0.0,0.3
88,"[-1,-1,0,0]","[1,1,0,-1]",0.7333333333333333,0.06666666666666667,0.2
89,"[-1,-1,0,0]","[1,1,0,0]",0.5333333333333333,0.06666666666666667,0.4
90,"[-1,-1,0,1]","[-1,-1,1,0]",0.8571428571428571,0.0,0.14285714285714285
91,"[-1,-1,0,1]","[-1,0,-1,-1]",0.6,0.1,0.3
92,"[-1,-1,0,1]","[-1,0,-1,0]",0.5,0.0,0.5
93,"[-1,-1,0,1]","[-1,0,0,-1]",0.4,0.2,0.4
94,"[-1,-1,0,1]","[-1,0,0,1]",0.4,0.1,0.5
95,"[-1,-1,0,1]","[-1,0,1,1]",0.7857142857142857,0.07142857142857142,0.14285714285714285
96,"[-1,-1,0,1]","[-1,1,0,-1]",0.7272727272727273,0.0,0.2727272727272727
97,"[-1,-1,0,1]","[0,-1,-1,-1]",0.5,0.2,0.3
98,"[-1,-1,0,1]","[0,-1,-1,0]",0.7272727272727273,0.0,0.2727272727272727
99,"[-1,-1,0,1]","[0,-1,0,-1]",1.0,0.0,0.0
100,"[-1,-1,0,1]","[0,-1,0,1]",0.1,0.7,0.2
101,"[-1,-1,0,1]","[0,-1,1,-1]",0.6363636363636364,0.0,0.36363636363636365
102,"[-1,-1,0,1]","[0,-1,1,0]",0.5,0.0,0.5
103,"[-1,-1,0,1]","[0,-1,1,1]",0.45454545454545453,0.36363636363636365,0.18181818181818182
104,"[-1,-1,0,1]","[0,0,1,1]",0.5454545454545454,0.09090909090909091,0.36363636363636365
105,"[-1,-1,0,1]","[0,1,-1,-1]",0.5,0.0,0.5
106,"[-1,-1,0,1]","[0,1,0,-1]",0.9,0.0,0.1
107,"[-1,-1,0,1]","[1,-1,-1,0]",0.6153846153846154,0.07692307692307693,0.3076923076923077
108,"[-1,-1,0,1]","[1,-1,0,-1]",0.7142857142857143,0.07142857142857142,0.21428571428571427
109,"[-1,-1,0,1]","[1,-1,0,1]",0.2,0.2,0.6
110,"[-1,-1,0,1]","[1,-1,1,0]",0.36363636363636365,0.09090909090909091,0.5454545454545454
111,"[-1,-1,0,1]","[1,0,0,1]",0.36363636363636365,0.0,0.6363636363636364
112,"[-1,-1,0,1]","[1,0,1,0]",0.7,0.0,0.3
113,"[-1,-1,0,1]","[1,1,0,1]",0.2727272727272727,0.18181818181818182,0.5454545454545454
114,"[-1,-1,1,0]","[-1,-1,0,-1]",0.8,0.1,0.1
115,"[-1,-1,1,0]","[-1,0,0,-1]",0.6363636363636364,0.18181818181818182,0.18181818181818182
116,"[-1,-1,1,0]","[-1,0,1,-1]",0.5,0.2,0.3
117,"[-1,-1,1,0]","[-1,0,1,0]",0.2,0.5,0.3
118,"[-1,-1,1,0]","[-1,0,1,1]",0.6,0.2,0.2
119,"[-1,-1,1,0]","[-1,1,0,-1]",0.6363636363636364,0.0,0.36363636363636365
120,"[-1,-1,1,0]","[-1,1,0,0]",0.3333333333333333,0.13333333333333333,0.5333333333333333
121,"[-1,-1,1,0]","[0,-1,-1,1]",1.0,0.0,0.0
122,"[-1,-1,1,0]","[0,-1,0,-1]",0.7,0.0,0.3
123,"[-1,-1,1,0]","[0,-1,0,1]",0.9,0.0,0.1
124,"[-1,-1,1,0]","[0,0,-1,1]",0.7,0.0,0.3
125,"[-1,-1,1,0]","[0,1,-1,0]",0.7,0.2,0.1
126,"[-1,-1,1,0]","[0,1,-1,1]",0.8,0.0,0.2
127,"[-1,-1,1,0]","[0,1,0,-1]",0.5454545454545454,0.18181818181818182,0.2727272727272727
128,"[-1,-1,1,0]","[0,1,0,1]",0.4,0.0,0.6
129,"[-1,-1,1,0]","[0,1,1,-1]",0.36363636363636365,0.36363636363636365,0.2727272727272727
130,"[-1,-1,1,0]","[1,-1,0,-1]",0.6363636363636364,0.0,0.36363636363636365
131,"[-1,-1,1,0]","[1,-1,0,0]",0.25,0.0625,0.6875
132,"[-1,-1,1,0]","[1,-1,1,0]",0.5454545454545454,0.18181818181818182,0.2727272727272727
133,"[-1,-1,1,0]","[1,0,-1,-1]",0.9,0.0,0.1
134,"[-1,-1,1,0]","[1,0,-1,0]",0.7272727272727273,0.09090909090909091,0.18181818181818182
135,"[-1,-1,1,0]","[1,0,0,-1]",0.6,0.0,0.4
136,"[-1,-1,1,0]","[1,0,0,1]",0.3,0.1,0.6
137,"[-1,-1,1,0]","[1,0,1,-1]",0.45454545454545453,0.45454545454545453,0.09090909090909091
138,"[-1,-1,1,0]","[1,0,1,1]",0.5454545454545454,0.18181818181818182,0.2727272727272727
139,"[-1,-1,1,0]","[1,1,-1,0]",0.7272727272727273,0.0,0.2727272727272727
140,"[-1,-1,1,0]","[1,1,0,-1]",0.7,0.1,0.2
141,"[-1,-1,1,0]","[1,1,0,1]",0.2727272727272727,0.18181818181818182,0.5454545454545454
142,"[-1,-1,1,0]","[1,1,1,0]",0.5454545454545454,0.18181818181818182,0.2727272727272727
143,"[-1,0,-1,-1]","[-1,-1,-1,0]",0.0,0.3,0.7
144,"[-1,0,-1,-1]","[-1,-1,0,-1]",0.26666666666666666,0.4666666666666667,0.26666666666666666
145,"[-1,0,-1,-1]","[-1,-1,1,0]",0.0,0.3,0.7
146,"[-1,0,-1,-1]","[-1,0,-1,1]",0.1,0.3,0.6
147,"[-1,0,-1,-1]","[-1,0,0,-1]",0.1,0.5,0.4
148,"[-1,0,-1,-1]","[-1,0,0,1]",0.1,0.0,0.9
149,"[-1,0,-1,-1]","[-1,0,1,0]",0.1,0.3,0.6
150,"[-1,0,-1,-1]","[-1,0,1,1]",0.2,0.1,0.7
151,"[-1,0,-1,-1]","[-1,1,1,0]",0.2,0.2,0.6
152,"[-1,0,-1,-1]","[0,-1,-1,1]",0.2727272727272727,0.36363636363636365,0.36363636363636365
153,"[-1,0,-1,-1]","[0,-1,0,-1]",0.1,0.6,0.3
154,"[-1,0,-1,-1]","[0,-1,0,1]",0.2,0.0,0.8
155,"[-1,0,-1,-1]","[0,-1,1,1]",0.07142857142857142,0.0,0.9285714285714286
156,"[-1,0,-1,-1]","[0,0,-1,1]",0.0,0.2727272727272727,0.7272727272727273
157,"[-1,0,-1,-1]","[0,1,-1,-1]",0.1,0.7,0.2
158,"[-1,0,-1,-1]","[0,1,-1,0]",0.09090909090909091,0.45454545454545453,0.45454545454545453
159,"[-1,0,-1,-1]","[0,1,-1,1]",0.3,0.2,0.5
160,"[-1,0,-1,-1]","[0,1,0,1]",0.4,0.0,0.6
161,"[-1,0,-1,-1]","[0,1,1,0]",0.1,0.2,0.7
162,"[-1,0,-1,-1]","[1,-1,0,0]",0.07142857142857142,0.0,0.9285714285714286
163,"[-1,0,-1,-1]","[1,0,-1,0]",0.1,0.2,0.7
164,"[-1,0,-1,-1]","[1,0,0,-1]",0.0625,0.4375,0.5
165,"[-1,0,-1,-1]","[1,0,0,1]",0.2,0.1,0.7
166,"[-1,0,-1,-1]","[1,0,1,0]",0.058823529411764705,0.0,0.9411764705882353
167,"[-1,0,-1,-1]","[1,0,1,1]",0.15384615384615385,0.07692307692307693,0.7692307692307693
168,"[-1,0,-1,-1]","[1,1,0,-1]",0.13333333333333333,0.26666666666666666,0.6
169,"[-1,0,-1,-1]","[1,1,0,0]",0.15384615384615385,0.07692307692307693,0.7692307692307693
170,"[-1,0,-1,0]","[-1,-1,-1,0]",0.0,0.6,0.4
171,"[-1,0,-1,0]","[-1,-1,0,-1]",0.5,0.2,0.3
172,"[-1,0,-1,0]","[-1,-1,0,0]",0.3076923076923077,0.15384615384615385,0.5384615384615384
173,"[-1,0,-1,0]","[-1,-1,1,0]",0.2777777777777778,0.0,0.7222222222222222
174,"[-1,0,-1,0]","[-1,0,-1,-1]",0.75,0.25,0.0
175,"[-1,0,-1,0]","[-1,0,0,-1]",0.6,0.1,0.3
176,"[-1,0,-1,0]","[-1,0,1,-1]",0.5454545454545454,0.0,0.45454545454545453
177,"[-1,0,-1,0]","[-1,1,0,0]",0.2,0.0,0.8
178,"[-1,0,-1,0]","[0,-1,-1,-1]",0.45454545454545453,0.45454545454545453,0.09090909090909091
179,"[-1,0,-1,0]","[0,-1,-1,0]",0.21428571428571427,0.5714285714285714,0.21428571428571427
180,"[-1,0,-1,0]","[0,-1,0,-1]",0.6,0.1,0.3
181,"[-1,0,-1,0]","[0,-1,1,0]",0.1,0.4,0.5
182,"[-1,0,-1,0]","[0,-1,1,1]",0.45454545454545453,0.09090909090909091,0.45454545454545453
183,"[-1,0,-1,0]","[0,0,-1,1]",0.2,0.3,0.5
184,"[-1,0,-1,0]","[0,0,1,1]",0.3125,0.125,0.5625
185,"[-1,0,-1,0]","[0,1,-1,-1]",0.4,0.5,0.1
186,"[-1,0,-1,0]","[0,1,-1,0]",0.18181818181818182,0.7272727272727273,0.09090909090909091
187,"[-1,0,-1,0]","[0,1,0,-1]",0.6,0.1,0.3
188,"[-1,0,-1,0]","[0,1,0,1]",0.375,0.0,0.625
189,"[-1,0,-1,0]","[0,1,1,-1]",0.6,0.1,0.3
190,"[-1,0,-1,0]","[0,1,1,0]",0.3,0.1,0.6
191,"[-1,0,-1,0]","[1,-1,0,-1]",0.8,0.1,0.1
192,"[-1,0,-1,0]","[1,-1,0,0]",0.1,0.0,0.9
193,"[-1,0,-1,0]","[1,-1,1,0]",0.0,0.1,0.9
194,"[-1,0,-1,0]","[1,0,-1,0]",0.18181818181818182,0.5454545454545454,0.2727272727272727
195,"[-1,0,-1,0]","[1,0,0,-1]",0.6,0.2,0.2
196,"[-1,0,-1,0]","[1,1,-1,0]",0.3,0.5,0.2
197,"[-1,0,-1,1]","[-1,-1,0,0]",0.2727272727272727,0.0,0.7272727272727273
198,"[-1,0,-1,1]","[-1,-1,0,1]",0.2857142857142857,0.14285714285714285,0.5714285714285714
199,"[-1,0,-1,1]","[-1,-1,1,0]",0.2,0.1,0.7
200,"[-1,0,-1,1]","[-1,0,-1,0]",0.2,0.7,0.1
201,"[-1,0,-1,1]","[-1,0,1,-1]",0.7,0.0,0.3
202,"[-1,0,-1,1]","[-1,0,1,0]",0.36363636363636365,0.09090909090909091,0.5454545454545454
203,"[-1,0,-1,1]","[-1,0,1,1]",0.36363636363636365,0.18181818181818182,0.45454545454545453
204,"[-1,0,-1,1]","[-1,1,-1,0]",0.4,0.3,0.3
205,"[-1,0,-1,1]","[-1,1,0,0]",0.3,0.1,0.6
206,"[-1,0,-1,1]","[-1,1,0,1]",0.2,0.1,0.7
207,"[-1,0,-1,1]","[0,-1,0,1]",0.5,0.1,0.4
208,"[-1,0,-1,1]","[0,-1,1,0]",0.45454545454545453,0.0,0.5454545454545454
209,"[-1,0,-1,1]","[0,-1,1,1]",0.2727272727272727,0.0,0.7272727272727273
210,"[-1,0,-1,1]","[0,0,-1,1]",0.5454545454545454,0.36363636363636365,0.09090909090909091
211,"[-1,0,-1,1]","[0,0,1,-1]",0.7,0.1,0.2
212,"[-1,0,-1,1]","[0,0,1,1]",0.17647058823529413,0.23529411764705882,0.5882352941176471
213,"[-1,0,-1,1]","[0,1,1,-1]",0.8181818181818182,0.0,0.18181818181818182
214,"[-1,0,-1,1]","[0,1,1,1]",0.25,0.0625,0.6875
215,"[-1,0,-1,1]","[1,-1,0,-1]",0.5454545454545454,0.0,0.45454545454545453
216,"[-1,0,-1,1]","[1,-1,0,0]",0.18181818181818182,0.18181818181818182,0.6363636363636364
217,"[-1,0,-1,1]","[1,-1,1,0]",0.6,0.1,0.3
218,"[-1,0,-1,1]","[1,0,-1,1]",0.0,0.6666666666666666,0.3333333333333333
219,"[-1,0,-1,1]","[1,0,1,-1]",0.6,0.1,0.3
220,"[-1,0,-1,1]","[1,0,1,0]",0.2,0.1,0.7
221,"[-1,0,-1,1]","[1,0,1,1]",0.36363636363636365,0.18181818181818182,0.45454545454545453
222,"[-1,0,-1,1]","[1,1,-1,0]",0.2,0.5,0.3
223,"[-1,0,-1,1]","[1,1,0,0]",0.4,0.0,0.6
224,"[-1,0,-1,1]","[1,1,0,1]",0.18181818181818182,0.18181818181818182,0.6363636363636364
225,"[-1,0,0,-1]","[-1,-1,-1,0]",0.3,0.1,0.6
226,"[-1,0,0,-1]","[-1,-1,0,0]",0.2,0.0,0.8
227,"[-1,0,0,-1]","[-1,0,-1,1]",0.3,0.2,0.5
228,"[-1,0,0,-1]","[-1,0,0,1]",0.2,0.13333333333333333,0.6666666666666666
229,"[-1,0,0,-1]","[-1,0,1,-1]",0.25,0.5,0.25
230,"[-1,0,0,-1]","[-1,0,1,0]",0.25,0.25,0.5
231,"[-1,0,0,-1]","[-1,0,1,1]",0.18181818181818182,0.0,0.8181818181818182
232,"[-1,0,0,-1]","[-1,1,0,-1]",0.18181818181818182,0.8181818181818182,0.0
233,"[-1,0,0,-1]","[-1,1,0,1]",0.1,0.0,0.9
234,"[-1,0,0,-1]","[-1,1,1,0]",0.1,0.4,0.5
235,"[-1,0,0,-1]","[0,-1,-1,-1]",0.4166666666666667,0.5833333333333334,0.0
236,"[-1,0,0,-1]","[0,-1,0,-1]",0.2727272727272727,0.6363636363636364,0.09090909090909091
237,"[-1,0,0,-1]","[0,-1,1,0]",0.09090909090909091,0.36363636363636365,0.5454545454545454
238,"[-1,0,0,-1]","[0,-1,1,1]",0.14285714285714285,0.21428571428571427,0.6428571428571429
239,"[-1,0,0,-1]","[0,1,-1,0]",0.5,0.1,0.4
240,"[-1,0,0,-1]","[0,1,0,-1]",0.2,0.8,0.0
241,"[-1,0,0,-1]","[0,1,0,1]",0.0,0.09090909090909091,0.9090909090909091
242,"[-1,0,0,-1]","[1,-1,1,0]",0.11764705882352941,0.17647058823529413,0.7058823529411765
243,"[-1,0,0,-1]","[1,0,-1,1]",0.4666666666666667,0.06666666666666667,0.4666666666666667
244,"[-1,0,0,-1]","[1,0,0,-1]",0.13333333333333333,0.7333333333333333,0.13333333333333333
245,"[-1,0,0,-1]","[1,0,0,1]",0.23076923076923078,0.23076923076923078,0.5384615384615384
246,"[-1,0,0,-1]","[1,0,1,-1]",0.06666666666666667,0.7333333333333333,0.2
247,"[-1,0,0,-1]","[1,0,1,0]",0.2727272727272727,0.0,0.7272727272727273
248,"[-1,0,0,-1]","[1,0,1,1]",0.2727272727272727,0.18181818181818182,0.5454545454545454
249,"[-1,0,0,-1]","[1,1,-1,0]",0.5454545454545454,0.09090909090909091,0.36363636363636365
250,"[-1,0,0,-1]","[1,1,0,0]",0.1,0.1,0.8
251,"[-1,0,0,-1]","[1,1,1,0]",0.3,0.2,0.5
252,"[-1,0,0,1]","[-1,-1,0,-1]",0.9,0.1,0.0
253,"[-1,0,0,1]","[-1,-1,0,0]",0.36363636363636365,0.09090909090909091,0.5454545454545454
254,"[-1,0,0,1]","[-1,-1,1,0]",0.5,0.1,0.4
255,"[-1,0,0,1]","[-1,0,-1,0]",1.0,0.0,0.0
256,"[-1,0,0,1]","[-1,0,-1,1]",0.6363636363636364,0.18181818181818182,0.18181818181818182
257,"[-1,0,0,1]","[-1,0,1,-1]",0.5625,0.125,0.3125
258,"[-1,0,0,1]","[-1,1,0,-1]",0.9,0.1,0.0
259,"[-1,0,0,1]","[-1,1,0,0]",0.4,0.1,0.5
260,"[-1,0,0,1]","[-1,1,0,1]",0.7272727272727273,0.18181818181818182,0.09090909090909091
261,"[-1,0,0,1]","[-1,1,1,0]",0.8,0.0,0.2
262,"[-1,0,0,1]","[0,-1,0,-1]",1.0,0.0,0.0
263,"[-1,0,0,1]","[0,-1,1,1]",0.6428571428571429,0.07142857142857142,0.2857142857142857
264,"[-1,0,0,1]","[0,0,-1,-1]",1.0,0.0,0.0
265,"[-1,0,0,1]","[0,1,-1,-1]",0.8181818181818182,0.09090909090909091,0.09090909090909091
266,"[-1,0,0,1]","[0,1,-1,0]",0.6363636363636364,0.0,0.36363636363636365
267,"[-1,0,0,1]","[0,1,-1,1]",0.7857142857142857,0.07142857142857142,0.14285714285714285
268,"[-1,0,0,1]","[0,1,0,1]",0.4,0.1,0.5
269,"[-1,0,0,1]","[0,1,1,0]",0.6923076923076923,0.0,0.3076923076923077
270,"[-1,0,0,1]","[1,-1,0,-1]",0.8181818181818182,0.0,0.18181818181818182
271,"[-1,0,0,1]","[1,-1,0,0]",0.4,0.1,0.5
272,"[-1,0,0,1]","[1,-1,1,0]",0.5,0.1,0.4
273,"[-1,0,0,1]","[1,0,-1,-1]",0.9090909090909091,0.0,0.09090909090909091
274,"[-1,0,0,1]","[1,0,-1,0]",0.6363636363636364,0.09090909090909091,0.2727272727272727
275,"[-1,0,0,1]","[1,0,-1,1]",0.5454545454545454,0.0,0.45454545454545453
276,"[-1,0,0,1]","[1,0,0,-1]",0.6,0.0,0.4
277,"[-1,0,0,1]","[1,0,0,1]",0.4,0.3,0.3
278,"[-1,0,0,1]","[1,0,1,0]",1.0,0.0,0.0
279,"[-1,0,0,1]","[1,1,0,-1]",0.8,0.1,0.1
280,"[-1,0,0,1]","[1,1,0,0]",0.5,0.1,0.4
281,"[-1,0,0,1]","[1,1,0,1]",0.6363636363636364,0.09090909090909091,0.2727272727272727
282,"[-1,0,0,1]","[1,1,1,0]",0.42857142857142855,0.07142857142857142,0.5
283,"[-1,0,1,-1]","[-1,-1,-1,0]",0.2,0.2,0.6
284,"[-1,0,1,-1]","[-1,-1,0,-1]",0.09090909090909091,0.6363636363636364,0.2727272727272727
285,"[-1,0,1,-1]","[-1,-1,0,1]",0.18181818181818182,0.0,0.8181818181818182
286,"[-1,0,1,-1]","[-1,0,-1,-1]",0.3,0.6,0.1
287,"[-1,0,1,-1]","[-1,0,1,0]",0.09090909090909091,0.09090909090909091,0.8181818181818182
288,"[-1,0,1,-1]","[-1,0,1,1]",0.1,0.2,0.7
289,"[-1,0,1,-1]","[-1,1,-1,0]",0.14285714285714285,0.14285714285714285,0.7142857142857143
290,"[-1,0,1,-1]","[-1,1,0,-1]",0.2727272727272727,0.6363636363636364,0.09090909090909091
291,"[-1,0,1,-1]","[-1,1,0,0]",0.1,0.2,0.7
292,"[-1,0,1,-1]","[0,-1,-1,1]",0.2727272727272727,0.09090909090909091,0.6363636363636364
293,"[-1,0,1,-1]","[0,-1,0,-1]",0.18181818181818182,0.5454545454545454,0.2727272727272727
294,"[-1,0,1,-1]","[0,-1,1,-1]",0.0,0.7857142857142857,0.21428571428571427
295,"[-1,0,1,-1]","[0,-1,1,0]",0.07692307692307693,0.23076923076923078,0.6923076923076923
296,"[-1,0,1,-1]","[0,-1,1,1]",0.1,0.2,0.7
297,"[-1,0,1,-1]","[0,0,-1,-1]",0.5,0.3,0.2
298,"[-1,0,1,-1]","[0,0,-1,1]",0.3,0.0,0.7
299,"[-1,0,1,-1]","[0,0,1,-1]",0.08333333333333333,0.75,0.16666666666666666
300,"[-1,0,1,-1]","[0,0,1,1]",0.09090909090909091,0.0,0.9090909090909091
301,"[-1,0,1,-1]","[0,1,-1,-1]",0.18181818181818182,0.45454545454545453,0.36363636363636365
302,"[-1,0,1,-1]","[0,1,-1,1]",0.21428571428571427,0.0,0.7857142857142857
303,"[-1,0,1,-1]","[0,1,0,1]",0.26666666666666666,0.0,0.7333333333333333
304,"[-1,0,1,-1]","[0,1,1,-1]",0.4,0.5,0.1
305,"[-1,0,1,-1]","[0,1,1,1]",0.18181818181818182,0.2727272727272727,0.5454545454545454
306,"[-1,0,1,-1]","[1,-1,-1,0]",0.45454545454545453,0.0,0.5454545454545454
307,"[-1,0,1,-1]","[1,-1,0,0]",0.1,0.0,0.9
308,"[-1,0,1,-1]","[1,0,-1,0]",0.09090909090909091,0.09090909090909091,0.8181818181818182
309,"[-1,0,1,-1]","[1,0,0,1]",0.09090909090909091,0.09090909090909091,0.8181818181818182
310,"[-1,0,1,-1]","[1,1,-1,0]",0.4,0.1,0.5
311,"[-1,0,1,-1]","[1,1,0,-1]",0.07142857142857142,0.7142857142857143,0.21428571428571427
312,"[-1,0,1,-1]","[1,1,0,1]",0.3,0.0,0.7
313,"[-1,0,1,0]","[-1,-1,-1,0]",0.7,0.1,0.2
314,"[-1,0,1,0]","[-1,-1,0,-1]",0.5,0.1875,0.3125
315,"[-1,0,1,0]","[-1,-1,0,1]",0.5714285714285714,0.0,0.42857142857142855
316,"[-1,0,1,0]","[-1,0,-1,0]",0.2857142857142857,0.35714285714285715,0.35714285714285715
317,"[-1,0,1,0]","[-1,0,0,1]",0.36363636363636365,0.09090909090909091,0.5454545454545454
318,"[-1,0,1,0]","[-1,1,0,0]",0.16666666666666666,0.0,0.8333333333333334
319,"[-1,0,1,0]","[-1,1,0,1]",0.3,0.0,0.7
320,"[-1,0,1,0]","[-1,1,1,0]",0.4,0.2,0.4
321,"[-1,0,1,0]","[0,-1,-1,0]",0.8,0.1,0.1
322,"[-1,0,1,0]","[0,-1,0,1]",0.5384615384615384,0.0,0.46153846153846156
323,"[-1,0,1,0]","[0,-1,1,-1]",0.5454545454545454,0.2727272727272727,0.18181818181818182
324,"[-1,0,1,0]","[0,-1,1,0]",0.3,0.1,0.6
325,"[-1,0,1,0]","[0,0,1,-1]",0.6,0.1,0.3
326,"[-1,0,1,0]","[0,1,-1,1]",0.6363636363636364,0.0,0.36363636363636365
327,"[-1,0,1,0]","[0,1,0,1]",0.21428571428571427,0.0,0.7857142857142857
328,"[-1,0,1,0]","[0,1,1,0]",0.5,0.1,0.4
329,"[-1,0,1,0]","[0,1,1,1]",0.6,0.2,0.2
330,"[-1,0,1,0]","[1,-1,0,0]",0.3,0.0,0.7
331,"[-1,0,1,0]","[1,0,-1,-1]",0.7272727272727273,0.0,0.2727272727272727
332,"[-1,0,1,0]","[1,0,-1,1]",0.7,0.1,0.2
333,"[-1,0,1,0]","[1,0,1,0]",0.5,0.07142857142857142,0.42857142857142855
334,"[-1,0,1,0]","[1,0,1,1]",0.6,0.1,0.3
335,"[-1,0,1,0]","[1,1,-1,0]",0.7272727272727273,0.0,0.2727272727272727
336,"[-1,0,1,0]","[1,1,0,-1]",0.5454545454545454,0.18181818181818182,0.2727272727272727
337,"[-1,0,1,1]","[-1,-1,0,0]",0.1,0.0,0.9
338,"[-1,0,1,1]","[-1,0,-1,0]",0.3,0.0,0.7
339,"[-1,0,1,1]","[-1,0,0,1]",0.2,0.0,0.8
340,"[-1,0,1,1]","[-1,0,1,0]",0.5,0.3,0.2
341,"[-1,0,1,1]","[-1,1,0,0]",0.4,0.0,0.6
342,"[-1,0,1,1]","[0,-1,0,-1]",0.6666666666666666,0.08333333333333333,0.25
343,"[-1,0,1,1]","[0,-1,0,1]",0.25,0.125,0.625
344,"[-1,0,1,1]","[0,-1,1,-1]",0.6428571428571429,0.14285714285714285,0.21428571428571427
345,"[-1,0,1,1]","[0,-1,1,0]",0.4666666666666667,0.0,0.5333333333333333
346,"[-1,0,1,1]","[0,-1,1,1]",0.18181818181818182,0.36363636363636365,0.45454545454545453
347,"[-1,0,1,1]","[0,1,-1,-1]",0.9090909090909091,0.0,0.09090909090909091
348,"[-1,0,1,1]","[0,1,-1,0]",0.6,0.1,0.3
349,"[-1,0,1,1]","[0,1,0,-1]",0.5,0.0,0.5
350,"[-1,0,1,1]","[0,1,1,0]",0.7,0.1,0.2
351,"[-1,0,1,1]","[1,-1,0,-1]",0.7857142857142857,0.0,0.21428571428571427
352,"[-1,0,1,1]","[1,-1,0,0]",0.09090909090909091,0.09090909090909091,0.8181818181818182
353,"[-1,0,1,1]","[1,-1,0,1]",0.38461538461538464,0.07692307692307693,0.5384615384615384
354,"[-1,0,1,1]","[1,0,-1,0]",0.4375,0.0625,0.5
355,"[-1,0,1,1]","[1,0,0,-1]",0.6363636363636364,0.0,0.36363636363636365
356,"[-1,0,1,1]","[1,0,0,1]",0.36363636363636365,0.18181818181818182,0.45454545454545453
357,"[-1,0,1,1]","[1,0,1,-1]",0.5454545454545454,0.18181818181818182,0.2727272727272727
358,"[-1,0,1,1]","[1,0,1,1]",0.7,0.3,0.0
359,"[-1,0,1,1]","[1,1,0,-1]",0.5454545454545454,0.09090909090909091,0.36363636363636365
360,"[-1,0,1,1]","[1,1,0,1]",0.45454545454545453,0.09090909090909091,0.45454545454545453
361,"[-1,1,-1,0]","[-1,-1,-1,0]",0.2,0.7,0.1
362,"[-1,1,-1,0]","[-1,-1,0,0]",0.0,0.0,1.0
363,"[-1,1,-1,0]","[-1,-1,0,1]",0.4,0.0,0.6
364,"[-1,1,-1,0]","[-1,-1,1,0]",0.2727272727272727,0.0,0.7272727272727273
365,"[-1,1,-1,0]","[-1,0,-1,-1]",0.375,0.5,0.125
366,"[-1,1,-1,0]","[-1,0,-1,0]",0.18181818181818182,0.7272727272727273,0.09090909090909091
367,"[-1,1,-1,0]","[-1,0,0,-1]",0.3,0.0,0.7
368,"[-1,1,-1,0]","[-1,0,0,1]",0.058823529411764705,0.11764705882352941,0.8235294117647058
369,"[-1,1,-1,0]","[-1,0,1,0]",0.09090909090909091,0.0,0.9090909090909091
370,"[-1,1,-1,0]","[-1,0,1,1]",0.18181818181818182,0.0,0.8181818181818182
371,"[-1,1,-1,0]","[-1,1,0,-1]",0.5555555555555556,0.16666666666666666,0.2777777777777778
372,"[-1,1,-1,0]","[-1,1,1,0]",0.1,0.6,0.3
373,"[-1,1,-1,0]","[0,-1,0,-1]",0.36363636363636365,0.45454545454545453,0.18181818181818182
374,"[-1,1,-1,0]","[0,-1,0,1]",0.1,0.1,0.8
375,"[-1,1,-1,0]","[0,-1,1,-1]",0.5,0.1,0.4
376,"[-1,1,-1,0]","[0,0,-1,-1]",0.6363636363636364,0.36363636363636365,0.0
377,"[-1,1,-1,0]","[0,0,1,1]",0.0,0.0,1.0
378,"[-1,1,-1,0]","[0,1,-1,1]",0.1,0.5,0.4
379,"[-1,1,-1,0]","[0,1,0,-1]",0.36363636363636365,0.2727272727272727,0.36363636363636365
380,"[-1,1,-1,0]","[0,1,1,0]",0.36363636363636365,0.09090909090909091,0.5454545454545454
381,"[-1,1,-1,0]","[1,-1,0,-1]",0.1875,0.4375,0.375
382,"[-1,1,-1,0]","[1,-1,0,0]",0.07692307692307693,0.0,0.9230769230769231
383,"[-1,1,-1,0]","[1,-1,0,1]",0.3,0.0,0.7
384,"[-1,1,-1,0]","[1,0,-1,-1]",0.36363636363636365,0.5454545454545454,0.09090909090909091
385,"[-1,1,-1,0]","[1,0,-1,1]",0.2,0.26666666666666666,0.5333333333333333
386,"[-1,1,-1,0]","[1,0,0,1]",0.09090909090909091,0.18181818181818182,0.7272727272727273
387,"[-1,1,-1,0]","[1,0,1,-1]",0.5,0.3,0.2
388,"[-1,1,-1,0]","[1,0,1,1]",0.09090909090909091,0.09090909090909091,0.8181818181818182
389,"[-1,1,-1,0]","[1,1,0,1]",0.36363636363636365,0.0,0.6363636363636364
390,"[-1,1,-1,0]","[1,1,1,0]",0.3,0.1,0.6
391,"[-1,1,0,-1]","[-1,-1,-1,0]",0.3,0.3,0.4
392,"[-1,1,0,-1]","[-1,-1,0,-1]",0.2727272727272727,0.45454545454545453,0.2727272727272727
393,"[-1,1,0,-1]","[-1,0,-1,-1]",0.1,0.4,0.5
394,"[-1,1,0,-1]","[-1,0,-1,0]",0.2,0.06666666666666667,0.7333333333333333
395,"[-1,1,0,-1]","[-1,0,-1,1]",0.5,0.2,0.3
396,"[-1,1,0,-1]","[-1,0,1,0]",0.5,0.1,0.4
397,"[-1,1,0,-1]","[-1,0,1,1]",0.3,0.2,0.5
398,"[-1,1,0,-1]","[-1,1,0,0]",0.2,0.2,0.6
399,"[-1,1,0,-1]","[-1,1,1,0]",0.1,0.3,0.6
400,"[-1,1,0,-1]","[0,-1,-1,-1]",0.5,0.3,0.2
401,"[-1,1,0,-1]","[0,-1,-1,1]",0.45454545454545453,0.0,0.5454545454545454
402,"[-1,1,0,-1]","[0,-1,0,1]",0.09090909090909091,0.09090909090909091,0.8181818181818182
403,"[-1,1,0,-1]","[0,-1,1,1]",0.4,0.0,0.6
404,"[-1,1,0,-1]","[0,0,-1,1]",0.4,0.2,0.4
405,"[-1,1,0,-1]","[0,1,-1,-1]",0.0,0.9,0.1
406,"[-1,1,0,-1]","[0,1,0,-1]",0.15384615384615385,0.6923076923076923,0.15384615384615385
407,"[-1,1,0,-1]","[0,1,1,-1]",0.1,0.7,0.2
408,"[-1,1,0,-1]","[0,1,1,0]",0.0,0.7,0.3
409,"[-1,1,0,-1]","[1,-1,0,-1]",0.0,0.8,0.2
410,"[-1,1,0,-1]","[1,-1,0,1]",0.09090909090909091,0.09090909090909091,0.8181818181818182
411,"[-1,1,0,-1]","[1,0,-1,-1]",0.3,0.5,0.2
412,"[-1,1,0,-1]","[1,0,1,0]",0.1,0.0,0.9
413,"[-1,1,0,-1]","[1,0,1,1]",0.3,0.0,0.7
414,"[-1,1,0,-1]","[1,1,0,-1]",0.1111111111111111,0.6111111111111112,0.2777777777777778
415,"[-1,1,0,-1]","[1,1,0,1]",0.21428571428571427,0.07142857142857142,0.7142857142857143
416,"[-1,1,0,0]","[-1,-1,0,1]",0.8,0.0,0.2
417,"[-1,1,0,0]","[-1,0,-1,-1]",0.7,0.2,0.1
418,"[-1,1,0,0]","[-1,0,0,-1]",0.7,0.2,0.1
419,"[-1,1,0,0]","[-1,1,-1,0]",0.6923076923076923,0.0,0.3076923076923077
420,"[-1,1,0,0]","[-1,1,1,0]",0.6363636363636364,0.09090909090909091,0.2727272727272727
421,"[-1,1,0,0]","[0,-1,0,-1]",0.5333333333333333,0.13333333333333333,0.3333333333333333
422,"[-1,1,0,0]","[0,-1,0,1]",0.8,0.0,0.2
423,"[-1,1,0,0]","[0,-1,1,-1]",0.8,0.0,0.2
424,"[-1,1,0,0]","[0,-1,1,0]",0.6,0.1,0.3
425,"[-1,1,0,0]","[0,-1,1,1]",0.7692307692307693,0.07692307692307693,0.15384615384615385
426,"[-1,1,0,0]","[0,0,-1,-1]",0.5625,0.125,0.3125
427,"[-1,1,0,0]","[0,0,-1,1]",0.6666666666666666,0.06666666666666667,0.26666666666666666
428,"[-1,1,0,0]","[0,0,1,-1]",0.6666666666666666,0.13333333333333333,0.2
429,"[-1,1,0,0]","[0,0,1,1]",0.9,0.1,0.0
430,"[-1,1,0,0]","[0,1,-1,-1]",0.7142857142857143,0.07142857142857142,0.21428571428571427
431,"[-1,1,0,0]","[0,1,-1,0]",0.9090909090909091,0.09090909090909091,0.0
432,"[-1,1,0,0]","[0,1,0,-1]",0.6363636363636364,0.18181818181818182,0.18181818181818182
433,"[-1,1,0,0]","[0,1,1,0]",0.8,0.1,0.1
434,"[-1,1,0,0]","[0,1,1,1]",0.6,0.4,0.0
435,"[-1,1,0,0]","[1,-1,-1,0]",0.7692307692307693,0.0,0.23076923076923078
436,"[-1,1,0,0]","[1,-1,0,0]",0.5,0.0,0.5
437,"[-1,1,0,0]","[1,-1,1,0]",0.7,0.0,0.3
438,"[-1,1,0,0]","[1,0,-1,-1]",0.7,0.2,0.1
439,"[-1,1,0,0]","[1,0,-1,0]",0.8,0.0,0.2
440,"[-1,1,0,0]","[1,1,0,-1]",0.6470588235294118,0.29411764705882354,0.058823529411764705
441,"[-1,1,0,1]","[-1,-1,-1,0]",0.8181818181818182,0.0,0.18181818181818182
442,"[-1,1,0,1]","[-1,-1,0,0]",0.1,0.1,0.8
443,"[-1,1,0,1]","[-1,-1,0,1]",0.8,0.0,0.2
444,"[-1,1,0,1]","[-1,-1,1,0]",0.5,0.2,0.3
445,"[-1,1,0,1]","[-1,0,-1,-1]",0.9333333333333333,0.0,0.06666666666666667
446,"[-1,1,0,1]","[-1,0,-1,0]",0.8,0.1,0.1
447,"[-1,1,0,1]","[-1,0,1,-1]",0.7,0.0,0.3
448,"[-1,1,0,1]","[-1,0,1,1]",0.6363636363636364,0.2727272727272727,0.09090909090909091
449,"[-1,1,0,1]","[-1,1,-1,0]",0.9090909090909091,0.0,0.09090909090909091
450,"[-1,1,0,1]","[-1,1,0,-1]",0.9,0.0,0.1
451,"[-1,1,0,1]","[-1,1,0,0]",0.45454545454545453,0.0,0.5454545454545454
452,"[-1,1,0,1]","[0,-1,-1,-1]",0.9,0.1,0.0
453,"[-1,1,0,1]","[0,-1,-1,1]",0.5454545454545454,0.09090909090909091,0.36363636363636365
454,"[-1,1,0,1]","[0,-1,0,-1]",1.0,0.0,0.0
455,"[-1,1,0,1]","[0,-1,1,-1]",0.9,0.0,0.1
456,"[-1,1,0,1]","[0,-1,1,0]",0.4,0.0,0.6
457,"[-1,1,0,1]","[0,-1,1,1]",0.8,0.1,0.1
458,"[-1,1,0,1]","[0,1,-1,-1]",0.8125,0.0625,0.125
459,"[-1,1,0,1]","[0,1,-1,0]",0.8181818181818182,0.0,0.18181818181818182
460,"[-1,1,0,1]","[0,1,-1,1]",0.7,0.2,0.1
461,"[-1,1,0,1]","[0,1,0,-1]",0.6923076923076923,0.15384615384615385,0.15384615384615385
462,"[-1,1,0,1]","[0,1,1,-1]",0.8,0.2,0.0
463,"[-1,1,0,1]","[0,1,1,0]",0.8181818181818182,0.0,0.18181818181818182
464,"[-1,1,0,1]","[0,1,1,1]",0.5,0.2,0.3
465,"[-1,1,0,1]","[1,-1,1,0]",0.8,0.1,0.1
466,"[-1,1,0,1]","[1,0,-1,-1]",0.8,0.1,0.1
467,"[-1,1,0,1]","[1,0,-1,0]",0.2727272727272727,0.09090909090909091,0.6363636363636364
468,"[-1,1,0,1]","[1,0,-1,1]",0.5,0.4,0.1
469,"[-1,1,0,1]","[1,0,0,-1]",0.5454545454545454,0.09090909090909091,0.36363636363636365
470,"[-1,1,0,1]","[1,0,0,1]",0.5,0.1,0.4
471,"[-1,1,0,1]","[1,0,1,-1]",0.7272727272727273,0.0,0.2727272727272727
472,"[-1,1,0,1]","[1,0,1,0]",0.7272727272727273,0.09090909090909091,0.18181818181818182
473,"[-1,1,1,0]","[-1,-1,0,1]",0.1,0.0,0.9
474,"[-1,1,1,0]","[-1,-1,1,0]",0.3,0.3,0.4
475,"[-1,1,1,0]","[-1,0,-1,0]",0.5333333333333333,0.2,0.26666666666666666
476,"[-1,1,1,0]","[-1,0,-1,1]",0.7272727272727273,0.0,0.2727272727272727
477,"[-1,1,1,0]","[-1,0,1,-1]",0.7,0.1,0.2
478,"[-1,1,1,0]","[-1,0,1,1]",0.5,0.1,0.4
479,"[-1,1,1,0]","[-1,1,0,1]",0.0,0.1,0.9
480,"[-1,1,1,0]","[0,-1,-1,-1]",0.8,0.1,0.1
481,"[-1,1,1,0]","[0,-1,-1,1]",0.5454545454545454,0.09090909090909091,0.36363636363636365
482,"[-1,1,1,0]","[0,-1,0,-1]",0.45454545454545453,0.2727272727272727,0.2727272727272727
483,"[-1,1,1,0]","[0,-1,0,1]",0.2727272727272727,0.0,0.7272727272727273
484,"[-1,1,1,0]","[0,-1,1,-1]",0.7272727272727273,0.18181818181818182,0.09090909090909091
485,"[-1,1,1,0]","[0,-1,1,1]",0.5,0.0,0.5
486,"[-1,1,1,0]","[0,0,-1,-1]",0.5,0.2777777777777778,0.2222222222222222
487,"[-1,1,1,0]","[0,0,-1,1]",0.4,0.2,0.4
488,"[-1,1,1,0]","[0,0,1,-1]",0.4,0.6,0.0
489,"[-1,1,1,0]","[0,0,1,1]",0.375,0.25,0.375
490,"[-1,1,1,0]","[0,1,-1,-1]",0.7857142857142857,0.14285714285714285,0.07142857142857142
491,"[-1,1,1,0]","[0,1,0,1]",0.14285714285714285,0.0,0.8571428571428571
492,"[-1,1,1,0]","[0,1,1,-1]",0.3,0.6,0.1
493,"[-1,1,1,0]","[0,1,1,1]",0.2,0.3,0.5
494,"[-1,1,1,0]","[1,-1,-1,0]",0.3,0.0,0.7
495,"[-1,1,1,0]","[1,-1,0,-1]",0.25,0.1875,0.5625
496,"[-1,1,1,0]","[1,-1,1,0]",0.23076923076923078,0.07692307692307693,0.6923076923076923
497,"[-1,1,1,0]","[1,0,-1,-1]",0.7272727272727273,0.09090909090909091,0.18181818181818182
498,"[-1,1,1,0]","[1,0,-1,0]",0.6363636363636364,0.0,0.36363636363636365
499,"[-1,1,1,0]","[1,1,0,1]",0.18181818181818182,0.0,0.8181818181818182
500,"[-1,1,1,0]","[1,1,1,0]",0.4166666666666667,0.3333333333333333,0.25
501,"[0,-1,-1,-1]","[-1,-1,0,0]",0.08333333333333333,0.08333333333333333,0.8333333333333334
502,"[0,-1,-1,-1]","[-1,-1,1,0]",0.07692307692307693,0.0,0.9230769230769231
503,"[0,-1,-1,-1]","[-1,0,-1,-1]",0.0,0.8,0.2
504,"[0,-1,-1,-1]","[-1,0,-1,1]",0.0,0.2,0.8
505,"[0,-1,-1,-1]","[-1,0,0,1]",0.4,0.0,0.6
506,"[0,-1,-1,-1]","[-1,0,1,-1]",0.0,0.6,0.4
507,"[0,-1,-1,-1]","[-1,0,1,0]",0.0,0.18181818181818182,0.8181818181818182
508,"[0,-1,-1,-1]","[-1,0,1,1]",0.1,0.0,0.9
509,"[0,-1,-1,-1]","[-1,1,-1,0]",0.16666666666666666,0.5,0.3333333333333333
510,"[0,-1,-1,-1]","[-1,1,0,0]",0.13333333333333333,0.0,0.8666666666666667
511,"[0,-1,-1,-1]","[0,-1,-1,1]",0.0,0.38461538461538464,0.6153846153846154
512,"[0,-1,-1,-1]","[0,-1,0,-1]",0.0,0.6363636363636364,0.36363636363636365
513,"[0,-1,-1,-1]","[0,-1,0,1]",0.07692307692307693,0.07692307692307693,0.8461538461538461
514,"[0,-1,-1,-1]","[0,0,1,1]",0.09090909090909091,0.0,0.9090909090909091
515,"[0,-1,-1,-1]","[0,1,-1,0]",0.18181818181818182,0.45454545454545453,0.36363636363636365
516,"[0,-1,-1,-1]","[0,1,0,-1]",0.2,0.0,0.8
517,"[0,-1,-1,-1]","[0,1,1,-1]",0.07692307692307693,0.46153846153846156,0.46153846153846156
518,"[0,-1,-1,-1]","[1,-1,0,-1]",0.2,0.2,0.6
519,"[0,-1,-1,-1]","[1,-1,0,0]",0.0,0.0,1.0
520,"[0,-1,-1,-1]","[1,-1,0,1]",0.15384615384615385,0.07692307692307693,0.7692307692307693
521,"[0,-1,-1,-1]","[1,0,-1,-1]",0.08333333333333333,0.6666666666666666,0.25
522,"[0,-1,-1,-1]","[1,0,-1,0]",0.1,0.2,0.7
523,"[0,-1,-1,-1]","[1,0,0,-1]",0.0,0.3333333333333333,0.6666666666666666
524,"[0,-1,-1,-1]","[1,1,-1,0]",0.0,0.2857142857142857,0.7142857142857143
525,"[0,-1,-1,-1]","[1,1,0,-1]",0.07692307692307693,0.46153846153846156,0.46153846153846156
526,"[0,-1,-1,0]","[-1,-1,-1,0]",0.18181818181818182,0.6363636363636364,0.18181818181818182
527,"[0,-1,-1,0]","[-1,-1,0,0]",0.05555555555555555,0.1111111111111111,0.8333333333333334
528,"[0,-1,-1,0]","[-1,-1,1,0]",0.3,0.1,0.6
529,"[0,-1,-1,0]","[-1,0,-1,-1]",0.2727272727272727,0.5454545454545454,0.18181818181818182
530,"[0,-1,-1,0]","[-1,0,-1,1]",0.3,0.5,0.2
531,"[0,-1,-1,0]","[-1,0,0,-1]",0.2727272727272727,0.0,0.7272727272727273
532,"[0,-1,-1,0]","[-1,0,0,1]",0.0,0.3,0.7
533,"[0,-1,-1,0]","[-1,0,1,-1]",0.6,0.2,0.2
534,"[0,-1,-1,0]","[-1,0,1,1]",0.2727272727272727,0.18181818181818182,0.5454545454545454
535,"[0,-1,-1,0]","[-1,1,-1,0]",0.3,0.4,0.3
536,"[0,-1,-1,0]","[-1,1,0,-1]",0.8,0.1,0.1
537,"[0,-1,-1,0]","[-1,1,0,0]",0.16666666666666666,0.0,0.8333333333333334
538,"[0,-1,-1,0]","[-1,1,0,1]",0.18181818181818182,0.09090909090909091,0.7272727272727273
539,"[0,-1,-1,0]","[-1,1,1,0]",0.6363636363636364,0.09090909090909091,0.2727272727272727
540,"[0,-1,-1,0]","[0,-1,-1,-1]",0.35294117647058826,0.4117647058823529,0.23529411764705882
541,"[0,-1,-1,0]","[0,-1,-1,1]",0.3,0.3,0.4
542,"[0,-1,-1,0]","[0,-1,0,-1]",0.4,0.1,0.5
543,"[0,-1,-1,0]","[0,-1,0,1]",0.17647058823529413,0.11764705882352941,0.7058823529411765
544,"[0,-1,-1,0]","[0,-1,1,0]",0.4,0.0,0.6
545,"[0,-1,-1,0]","[0,0,-1,-1]",0.7857142857142857,0.21428571428571427,0.0
546,"[0,-1,-1,0]","[0,0,-1,1]",0.18181818181818182,0.6363636363636364,0.18181818181818182
547,"[0,-1,-1,0]","[0,0,1,-1]",0.5,0.0,0.5
548,"[0,-1,-1,0]","[0,1,0,1]",0.3,0.0,0.7
549,"[0,-1,-1,0]","[0,1,1,0]",0.6363636363636364,0.0,0.36363636363636365
550,"[0,-1,-1,0]","[1,-1,-1,0]",0.21428571428571427,0.7142857142857143,0.07142857142857142
551,"[0,-1,-1,0]","[1,-1,0,-1]",0.5833333333333334,0.25,0.16666666666666666
552,"[0,-1,-1,0]","[1,-1,0,1]",0.2727272727272727,0.09090909090909091,0.6363636363636364
553,"[0,-1,-1,0]","[1,0,-1,-1]",0.45454545454545453,0.36363636363636365,0.18181818181818182
554,"[0,-1,-1,0]","[1,0,-1,0]",0.18181818181818182,0.45454545454545453,0.36363636363636365
555,"[0,-1,-1,0]","[1,0,0,-1]",0.4,0.0,0.6
556,"[0,-1,-1,0]","[1,0,1,-1]",0.7,0.0,0.3
557,"[0,-1,-1,0]","[1,0,1,1]",0.45454545454545453,0.09090909090909091,0.45454545454545453
558,"[0,-1,-1,0]","[1,1,0,0]",0.09090909090909091,0.0,0.9090909090909091
559,"[0,-1,-1,0]","[1,1,1,0]",0.6,0.0,0.4
560,"[0,-1,-1,1]","[-1,-1,-1,0]",0.16666666666666666,0.3333333333333333,0.5
561,"[0,-1,-1,1]","[-1,-1,0,0]",0.0,0.0,1.0
562,"[0,-1,-1,1]","[-1,-1,0,1]",0.09090909090909091,0.36363636363636365,0.5454545454545454
563,"[0,-1,-1,1]","[-1,0,-1,0]",0.2,0.5,0.3
564,"[0,-1,-1,1]","[-1,0,-1,1]",0.0,0.7,0.3
565,"[0,-1,-1,1]","[-1,0,0,-1]",0.5454545454545454,0.18181818181818182,0.2727272727272727
566,"[0,-1,-1,1]","[-1,0,0,1]",0.1875,0.1875,0.625
567,"[0,-1,-1,1]","[-1,0,1,0]",0.2,0.0,0.8
568,"[0,-1,-1,1]","[-1,0,1,1]",0.29411764705882354,0.17647058823529413,0.5294117647058824
569,"[0,-1,-1,1]","[-1,1,-1,0]",0.0,0.5,0.5
570,"[0,-1,-1,1]","[-1,1,0,0]",0.2,0.1,0.7
571,"[0,-1,-1,1]","[0,-1,0,-1]",0.5454545454545454,0.18181818181818182,0.2727272727272727
572,"[0,-1,-1,1]","[0,-1,1,-1]",0.5454545454545454,0.0,0.45454545454545453
573,"[0,-1,-1,1]","[0,-1,1,0]",0.45454545454545453,0.09090909090909091,0.45454545454545453
574,"[0,-1,-1,1]","[0,-1,1,1]",0.5454545454545454,0.09090909090909091,0.36363636363636365
575,"[0,-1,-1,1]","[0,0,-1,-1]",0.5,0.4,0.1
576,"[0,-1,-1,1]","[0,0,-1,1]",0.3,0.4,0.3
577,"[0,-1,-1,1]","[0,0,1,-1]",0.5,0.0,0.5
578,"[0,-1,-1,1]","[0,0,1,1]",0.1,0.3,0.6
579,"[0,-1,-1,1]","[0,1,0,-1]",0.5714285714285714,0.07142857142857142,0.35714285714285715
580,"[0,-1,-1,1]","[0,1,1,1]",0.09090909090909091,0.09090909090909091,0.8181818181818182
581,"[0,-1,-1,1]","[1,-1,0,0]",0.0,0.0,1.0
582,"[0,-1,-1,1]","[1,0,-1,0]",0.0,0.45454545454545453,0.5454545454545454
583,"[0,-1,-1,1]","[1,0,0,-1]",0.8,0.0,0.2
584,"[0,-1,-1,1]","[1,0,0,1]",0.1,0.1,0.8
585,"[0,-1,-1,1]","[1,0,1,1]",0.1,0.2,0.7
586,"[0,-1,-1,1]","[1,1,0,-1]",0.5384615384615384,0.07692307692307693,0.38461538461538464
587,"[0,-1,-1,1]","[1,1,0,0]",0.1,0.0,0.9
588,"[0,-1,-1,1]","[1,1,1,0]",0.2857142857142857,0.0,0.7142857142857143
589,"[0,-1,0,-1]","[-1,-1,-1,0]",0.18181818181818182,0.09090909090909091,0.7272727272727273
590,"[0,-1,0,-1]","[-1,-1,0,0]",0.16666666666666666,0.0,0.8333333333333334
591,"[0,-1,0,-1]","[-1,0,-1,1]",0.3,0.1,0.6
592,"[0,-1,0,-1]","[-1,0,1,0]",0.1,0.2,0.7
593,"[0,-1,0,-1]","[-1,1,0,-1]",0.2,0.7,0.1
594,"[0,-1,0,-1]","[0,-1,0,1]",0.14285714285714285,0.07142857142857142,0.7857142857142857
595,"[0,-1,0,-1]","[0,-1,1,-1]",0.2,0.7,0.1
596,"[0,-1,0,-1]","[0,-1,1,0]",0.0,0.18181818181818182,0.8181818181818182
597,"[0,-1,0,-1]","[0,0,-1,-1]",0.4,0.4,0.2
598,"[0,-1,0,-1]","[0,0,-1,1]",0.5,0.3,0.2
599,"[0,-1,0,-1]","[0,0,1,-1]",0.35714285714285715,0.21428571428571427,0.42857142857142855
600,"[0,-1,0,-1]","[0,1,-1,-1]",0.3,0.7,0.0
601,"[0,-1,0,-1]","[0,1,1,-1]",0.3333333333333333,0.3333333333333333,0.3333333333333333
602,"[0,-1,0,-1]","[0,1,1,1]",0.4,0.0,0.6
603,"[0,-1,0,-1]","[1,-1,-1,0]",0.18181818181818182,0.0,0.8181818181818182
604,"[0,-1,0,-1]","[1,0,-1,0]",0.5,0.08333333333333333,0.4166666666666667
605,"[0,-1,0,-1]","[1,0,1,0]",0.5454545454545454,0.18181818181818182,0.2727272727272727
606,"[0,-1,0,-1]","[1,0,1,1]",0.2,0.1,0.7
607,"[0,-1,0,-1]","[1,1,-1,0]",0.3,0.0,0.7
608,"[0,-1,0,-1]","[1,1,0,0]",0.2727272727272727,0.0,0.7272727272727273
609,"[0,-1,0,-1]","[1,1,1,0]",0.2777777777777778,0.2222222222222222,0.5
610,"[0,-1,0,1]","[-1,-1,0,-1]",0.9,0.1,0.0
611,"[0,-1,0,1]","[-1,0,-1,0]",0.6363636363636364,0.0,0.36363636363636365
612,"[0,-1,0,1]","[-1,0,0,-1]",0.6153846153846154,0.0,0.38461538461538464
613,"[0,-1,0,1]","[-1,0,0,1]",0.42857142857142855,0.0,0.5714285714285714
614,"[0,-1,0,1]","[-1,0,1,-1]",0.6363636363636364,0.09090909090909091,0.2727272727272727
615,"[0,-1,0,1]","[-1,1,0,1]",0.2,0.1,0.7
616,"[0,-1,0,1]","[0,-1,-1,1]",0.5625,0.25,0.1875
617,"[0,-1,0,1]","[0,-1,1,0]",0.6,0.2,0.2
618,"[0,-1,0,1]","[0,-1,1,1]",0.3,0.4,0.3
619,"[0,-1,0,1]","[0,0,-1,-1]",0.9,0.0,0.1
620,"[0,-1,0,1]","[0,0,-1,1]",0.6363636363636364,0.09090909090909091,0.2727272727272727
621,"[0,-1,0,1]","[0,0,1,-1]",0.5454545454545454,0.18181818181818182,0.2727272727272727
622,"[0,-1,0,1]","[0,1,-1,0]",0.9230769230769231,0.0,0.07692307692307693
623,"[0,-1,0,1]","[0,1,0,-1]",0.8,0.0,0.2
624,"[0,-1,0,1]","[0,1,0,1]",0.5,0.0,0.5
625,"[0,-1,0,1]","[0,1,1,-1]",0.7,0.1,0.2
626,"[0,-1,0,1]","[0,1,1,0]",0.7272727272727273,0.0,0.2727272727272727
627,"[0,-1,0,1]","[0,1,1,1]",0.7,0.0,0.3
628,"[0,-1,0,1]","[1,-1,0,-1]",0.42857142857142855,0.14285714285714285,0.42857142857142855
629,"[0,-1,0,1]","[1,-1,0,0]",0.2,0.0,0.8
630,"[0,-1,0,1]","[1,-1,1,0]",0.6363636363636364,0.2727272727272727,0.09090909090909091
631,"[0,-1,0,1]","[1,0,-1,0]",0.5454545454545454,0.09090909090909091,0.36363636363636365
632,"[0,-1,0,1]","[1,0,-1,1]",0.8,0.1,0.1
633,"[0,-1,0,1]","[1,0,0,-1]",0.7,0.1,0.2
634,"[0,-1,0,1]","[1,0,1,1]",0.5333333333333333,0.4,0.06666666666666667
635,"[0,-1,0,1]","[1,1,-1,0]",0.8,0.0,0.2
636,"[0,-1,0,1]","[1,1,0,1]",0.5,0.0,0.5
637,"[0,-1,1,-1]","[-1,-1,0,0]",0.09090909090909091,0.0,0.9090909090909091
638,"[0,-1,1,-1]","[-1,-1,1,0]",0.3,0.3,0.4
639,"[0,-1,1,-1]","[-1,0,-1,-1]",0.4166666666666667,0.4166666666666667,0.16666666666666666
640,"[0,-1,1,-1]","[-1,0,-1,0]",0.45454545454545453,0.09090909090909091,0.45454545454545453
641,"[0,-1,1,-1]","[-1,0,-1,1]",0.2727272727272727,0.0,0.7272727272727273
642,"[0,-1,1,-1]","[-1,0,0,-1]",0.09090909090909091,0.6363636363636364,0.2727272727272727
643,"[0,-1,1,-1]","[-1,0,0,1]",0.2,0.0,0.8
644,"[0,-1,1,-1]","[-1,1,0,-1]",0.21428571428571427,0.5714285714285714,0.21428571428571427
645,"[0,-1,1,-1]","[0,-1,-1,-1]",0.09090909090909091,0.8181818181818182,0.09090909090909091
646,"[0,-1,1,-1]","[0,-1,-1,0]",0.16666666666666666,0.1111111111111111,0.7222222222222222
647,"[0,-1,1,-1]","[0,-1,0,1]",0.2857142857142857,0.0,0.7142857142857143
648,"[0,-1,1,-1]","[0,-1,1,0]",0.0,0.1,0.9
649,"[0,-1,1,-1]","[0,-1,1,1]",0.0,0.17647058823529413,0.8235294117647058
650,"[0,-1,1,-1]","[0,0,-1,-1]",0.2857142857142857,0.5,0.21428571428571427
651,"[0,-1,1,-1]","[0,0,-1,1]",0.36363636363636365,0.09090909090909091,0.5454545454545454
652,"[0,-1,1,-1]","[0,0,1,-1]",0.0,0.9,0.1
653,"[0,-1,1,-1]","[0,0,1,1]",0.0,0.2727272727272727,0.7272727272727273
654,"[0,-1,1,-1]","[0,1,1,-1]",0.07142857142857142,0.5,0.42857142857142855
655,"[0,-1,1,-1]","[1,-1,0,-1]",0.1,0.3,0.6
656,"[0,-1,1,-1]","[1,-1,0,0]",0.09090909090909091,0.0,0.9090909090909091
657,"[0,-1,1,-1]","[1,0,-1,0]",0.4166666666666667,0.0,0.5833333333333334
658,"[0,-1,1,-1]","[1,0,-1,1]",0.2,0.0,0.8
659,"[0,-1,1,-1]","[1,0,0,-1]",0.2,0.5,0.3
660,"[0,-1,1,-1]","[1,0,0,1]",0.0,0.0,1.0
661,"[0,-1,1,-1]","[1,0,1,0]",0.08333333333333333,0.16666666666666666,0.75
662,"[0,-1,1,-1]","[1,1,0,-1]",0.18181818181818182,0.45454545454545453,0.36363636363636365
663,"[0,-1,1,0]","[-1,-1,0,-1]",0.8181818181818182,0.0,0.18181818181818182
664,"[0,-1,1,0]","[-1,-1,0,0]",0.5,0.0,0.5
665,"[0,-1,1,0]","[-1,-1,1,0]",0.36363636363636365,0.18181818181818182,0.45454545454545453
666,"[0,-1,1,0]","[-1,0,-1,-1]",0.8,0.0,0.2
667,"[0,-1,1,0]","[-1,0,0,1]",0.16666666666666666,0.0,0.8333333333333334
668,"[0,-1,1,0]","[-1,1,-1,0]",0.7333333333333333,0.0,0.26666666666666666
669,"[0,-1,1,0]","[-1,1,0,-1]",0.8181818181818182,0.0,0.18181818181818182
670,"[0,-1,1,0]","[-1,1,1,0]",0.2,0.4,0.4
671,"[0,-1,1,0]","[0,-1,-1,-1]",0.6363636363636364,0.09090909090909091,0.2727272727272727
672,"[0,-1,1,0]","[0,-1,1,1]",0.2,0.5,0.3
673,"[0,-1,1,0]","[0,1,1,-1]",0.8181818181818182,0.0,0.18181818181818182
674,"[0,-1,1,0]","[0,1,1,0]",0.4,0.3,0.3
675,"[0,-1,1,0]","[0,1,1,1]",0.7692307692307693,0.07692307692307693,0.15384615384615385
676,"[0,-1,1,0]","[1,-1,-1,0]",0.5454545454545454,0.0,0.45454545454545453
677,"[0,-1,1,0]","[1,-1,0,0]",0.15384615384615385,0.07692307692307693,0.7692307692307693
678,"[0,-1,1,0]","[1,-1,1,0]",0.4666666666666667,0.13333333333333333,0.4
679,"[0,-1,1,0]","[1,0,-1,-1]",0.9285714285714286,0.0,0.07142857142857142
680,"[0,-1,1,0]","[1,0,-1,0]",0.6,0.0,0.4
681,"[0,-1,1,0]","[1,0,-1,1]",0.5454545454545454,0.0,0.45454545454545453
682,"[0,-1,1,0]","[1,0,0,-1]",0.6363636363636364,0.09090909090909091,0.2727272727272727
683,"[0,-1,1,0]","[1,0,0,1]",0.0,0.0,1.0
684,"[0,-1,1,0]","[1,0,1,-1]",0.7272727272727273,0.18181818181818182,0.09090909090909091
685,"[0,-1,1,0]","[1,0,1,0]",0.25,0.1875,0.5625
686,"[0,-1,1,0]","[1,0,1,1]",0.2,0.5,0.3
687,"[0,-1,1,0]","[1,1,-1,0]",0.8,0.1,0.1
688,"[0,-1,1,0]","[1,1,0,-1]",0.8,0.0,0.2
689,"[0,-1,1,0]","[1,1,0,0]",0.2,0.1,0.7
690,"[0,-1,1,0]","[1,1,1,0]",0.09090909090909091,0.18181818181818182,0.7272727272727273
691,"[0,-1,1,1]","[-1,-1,1,0]",0.2727272727272727,0.2727272727272727,0.45454545454545453
692,"[0,-1,1,1]","[-1,0,1,0]",0.29411764705882354,0.11764705882352941,0.5882352941176471
693,"[0,-1,1,1]","[-1,1,-1,0]",0.6,0.0,0.4
694,"[0,-1,1,1]","[0,-1,-1,-1]",0.9090909090909091,0.09090909090909091,0.0
695,"[0,-1,1,1]","[0,-1,-1,0]",0.36363636363636365,0.09090909090909091,0.5454545454545454
696,"[0,-1,1,1]","[0,-1,0,-1]",0.5,0.2,0.3
697,"[0,-1,1,1]","[0,1,-1,1]",0.7,0.1,0.2
698,"[0,-1,1,1]","[0,1,0,-1]",0.6363636363636364,0.09090909090909091,0.2727272727272727
699,"[0,-1,1,1]","[0,1,0,1]",0.18181818181818182,0.09090909090909091,0.7272727272727273
700,"[0,-1,1,1]","[0,1,1,-1]",0.8,0.0,0.2
701,"[0,-1,1,1]","[0,1,1,0]",0.4,0.2,0.4
702,"[0,-1,1,1]","[1,-1,0,0]",0.2,0.0,0.8
703,"[0,-1,1,1]","[1,-1,1,0]",0.18181818181818182,0.45454545454545453,0.36363636363636365
704,"[0,-1,1,1]","[1,0,-1,0]",0.5,0.0,0.5
705,"[0,-1,1,1]","[1,0,0,1]",0.09090909090909091,0.18181818181818182,0.7272727272727273
706,"[0,-1,1,1]","[1,0,1,0]",0.5384615384615384,0.07692307692307693,0.38461538461538464
707,"[0,-1,1,1]","[1,0,1,1]",0.3,0.2,0.5
708,"[0,-1,1,1]","[1,1,0,-1]",0.7272727272727273,0.09090909090909091,0.18181818181818182
709,"[0,-1,1,1]","[1,1,0,0]",0.18181818181818182,0.0,0.8181818181818182
710,"[0,-1,1,1]","[1,1,1,0]",0.3125,0.0625,0.625
711,"[0,0,-1,-1]","[-1,-1,0,0]",0.1,0.1,0.8
712,"[0,0,-1,-1]","[-1,-1,0,1]",0.21428571428571427,0.0,0.7857142857142857
713,"[0,0,-1,-1]","[-1,-1,1,0]",0.0625,0.0625,0.875
714,"[0,0,-1,-1]","[-1,0,-1,-1]",0.2,0.6,0.2
715,"[0,0,-1,-1]","[-1,0,-1,0]",0.0,0.2727272727272727,0.7272727272727273
716,"[0,0,-1,-1]","[-1,0,-1,1]",0.1,0.2,0.7
717,"[0,0,-1,-1]","[-1,0,0,-1]",0.0,0.3333333333333333,0.6666666666666666
718,"[0,0,-1,-1]","[-1,0,1,0]",0.25,0.08333333333333333,0.6666666666666666
719,"[0,0,-1,-1]","[-1,0,1,1]",0.09090909090909091,0.0,0.9090909090909091
720,"[0,0,-1,-1]","[-1,1,0,-1]",0.1,0.6,0.3
721,"[0,0,-1,-1]","[-1,1,0,1]",0.4,0.0,0.6
722,"[0,0,-1,-1]","[0,-1,-1,-1]",0.1111111111111111,0.6666666666666666,0.2222222222222222
723,"[0,0,-1,-1]","[0,-1,1,0]",0.2,0.1,0.7
724,"[0,0,-1,-1]","[0,-1,1,1]",0.08333333333333333,0.08333333333333333,0.8333333333333334
725,"[0,0,-1,-1]","[0,0,1,1]",0.1,0.1,0.8
726,"[0,0,-1,-1]","[0,1,0,-1]",0.1,0.5,0.4
727,"[0,0,-1,-1]","[0,1,1,-1]",0.2,0.6,0.2
728,"[0,0,-1,-1]","[0,1,1,1]",0.08333333333333333,0.0,0.9166666666666666
729,"[0,0,-1,-1]","[1,-1,-1,0]",0.2777777777777778,0.3333333333333333,0.3888888888888889
730,"[0,0,-1,-1]","[1,-1,0,-1]",0.0,0.3,0.7
731,"[0,0,-1,-1]","[1,-1,1,0]",0.4,0.0,0.6
732,"[0,0,-1,-1]","[1,0,-1,-1]",0.11764705882352941,0.7058823529411765,0.17647058823529413
733,"[0,0,-1,-1]","[1,0,1,-1]",0.1111111111111111,0.3888888888888889,0.5
734,"[0,0,-1,-1]","[1,0,1,0]",0.2,0.0,0.8
735,"[0,0,-1,-1]","[1,0,1,1]",0.1,0.1,0.8
736,"[0,0,-1,-1]","[1,1,-1,0]",0.07142857142857142,0.35714285714285715,0.5714285714285714
737,"[0,0,-1,1]","[-1,-1,-1,0]",0.1,0.6,0.3
738,"[0,0,-1,1]","[-1,-1,0,0]",0.21428571428571427,0.21428571428571427,0.5714285714285714
739,"[0,0,-1,1]","[-1,-1,0,1]",0.3888888888888889,0.0,0.6111111111111112
740,"[0,0,-1,1]","[-1,0,0,-1]",0.5,0.1,0.4
741,"[0,0,-1,1]","[-1,0,0,1]",0.09090909090909091,0.09090909090909091,0.8181818181818182
742,"[0,0,-1,1]","[-1,0,1,0]",0.45454545454545453,0.0,0.5454545454545454
743,"[0,0,-1,1]","[-1,0,1,1]",0.1,0.1,0.8
744,"[0,0,-1,1]","[-1,1,-1,0]",0.1,0.7,0.2
745,"[0,0,-1,1]","[-1,1,0,1]",0.09090909090909091,0.09090909090909091,0.8181818181818182
746,"[0,0,-1,1]","[0,-1,-1,-1]",0.5,0.3125,0.1875
747,"[0,0,-1,1]","[0,-1,1,0]",0.0,0.1,0.9
748,"[0,0,-1,1]","[0,-1,1,1]",0.4,0.1,0.5
749,"[0,0,-1,1]","[0,0,-1,-1]",0.6,0.3,0.1
750,"[0,0,-1,1]","[0,1,-1,-1]",0.6111111111111112,0.2777777777777778,0.1111111111111111
751,"[0,0,-1,1]","[0,1,-1,0]",0.3333333333333333,0.4666666666666667,0.2
752,"[0,0,-1,1]","[0,1,-1,1]",0.4,0.4,0.2
753,"[0,0,-1,1]","[0,1,0,-1]",0.45454545454545453,0.09090909090909091,0.45454545454545453
754,"[0,0,-1,1]","[0,1,1,0]",0.23076923076923078,0.15384615384615385,0.6153846153846154
755,"[0,0,-1,1]","[0,1,1,1]",0.1,0.2,0.7
756,"[0,0,-1,1]","[1,-1,0,0]",0.09090909090909091,0.0,0.9090909090909091
757,"[0,0,-1,1]","[1,-1,0,1]",0.3,0.2,0.5
758,"[0,0,-1,1]","[1,0,0,1]",0.0,0.5,0.5
759,"[0,0,-1,1]","[1,0,1,-1]",0.6,0.0,0.4
760,"[0,0,-1,1]","[1,1,-1,0]",0.3,0.6,0.1
761,"[0,0,1,-1]","[-1,-1,-1,0]",0.1,0.0,0.9
762,"[0,0,1,-1]","[-1,-1,0,1]",0.2,0.13333333333333333,0.6666666666666666
763,"[0,0,1,-1]","[-1,-1,1,0]",0.0,0.2727272727272727,0.7272727272727273
764,"[0,0,1,-1]","[-1,0,-1,-1]",0.2,0.7,0.1
765,"[0,0,1,-1]","[-1,0,-1,0]",0.1,0.2,0.7
766,"[0,0,1,-1]","[-1,0,0,-1]",0.0,0.3,0.7
767,"[0,0,1,-1]","[-1,0,0,1]",0.07692307692307693,0.07692307692307693,0.8461538461538461
768,"[0,0,1,-1]","[-1,0,1,1]",0.0,0.4,0.6
769,"[0,0,1,-1]","[-1,1,-1,0]",0.09090909090909091,0.09090909090909091,0.8181818181818182
770,"[0,0,1,-1]","[-1,1,0,-1]",0.1,0.6,0.3
771,"[0,0,1,-1]","[-1,1,0,1]",0.0,0.0,1.0
772,"[0,0,1,-1]","[0,-1,-1,-1]",0.13333333333333333,0.6,0.26666666666666666
773,"[0,0,1,-1]","[0,-1,1,0]",0.1,0.0,0.9
774,"[0,0,1,-1]","[0,-1,1,1]",0.0,0.5454545454545454,0.45454545454545453
775,"[0,0,1,-1]","[0,0,-1,-1]",0.18181818181818182,0.45454545454545453,0.36363636363636365
776,"[0,0,1,-1]","[0,0,-1,1]",0.2727272727272727,0.09090909090909091,0.6363636363636364
777,"[0,0,1,-1]","[0,0,1,1]",0.2,0.1,0.7
778,"[0,0,1,-1]","[0,1,0,-1]",0.1,0.7,0.2
779,"[0,0,1,-1]","[0,1,1,-1]",0.18181818181818182,0.7272727272727273,0.09090909090909091
780,"[0,0,1,-1]","[0,1,1,0]",0.09090909090909091,0.2727272727272727,0.6363636363636364
781,"[0,0,1,-1]","[0,1,1,1]",0.1,0.0,0.9
782,"[0,0,1,-1]","[1,-1,0,-1]",0.09090909090909091,0.8181818181818182,0.09090909090909091
783,"[0,0,1,-1]","[1,0,-1,-1]",0.35714285714285715,0.5714285714285714,0.07142857142857142
784,"[0,0,1,-1]","[1,0,-1,1]",0.07692307692307693,0.15384615384615385,0.7692307692307693
785,"[0,0,1,-1]","[1,0,1,-1]",0.2,0.7,0.1
786,"[0,0,1,-1]","[1,1,-1,0]",0.26666666666666666,0.06666666666666667,0.6666666666666666
787,"[0,0,1,-1]","[1,1,0,-1]",0.0,0.45454545454545453,0.5454545454545454
788,"[0,0,1,-1]","[1,1,1,0]",0.0,0.5,0.5
789,"[0,0,1,1]","[-1,-1,1,0]",0.5454545454545454,0.18181818181818182,0.2727272727272727
790,"[0,0,1,1]","[-1,0,-1,-1]",0.7,0.1,0.2
791,"[0,0,1,1]","[-1,0,0,-1]",0.6,0.1,0.3
792,"[0,0,1,1]","[-1,0,0,1]",0.17647058823529413,0.23529411764705882,0.5882352941176471
793,"[0,0,1,1]","[-1,0,1,0]",0.1,0.2,0.7
794,"[0,0,1,1]","[-1,0,1,1]",0.06666666666666667,0.2,0.7333333333333333
795,"[0,0,1,1]","[-1,1,0,-1]",0.8181818181818182,0.09090909090909091,0.09090909090909091
796,"[0,0,1,1]","[-1,1,0,1]",0.13333333333333333,0.13333333333333333,0.7333333333333333
797,"[0,0,1,1]","[0,-1,-1,0]",0.3888888888888889,0.0,0.6111111111111112
798,"[0,0,1,1]","[0,-1,0,-1]",0.5714285714285714,0.07142857142857142,0.35714285714285715
799,"[0,0,1,1]","[0,-1,0,1]",0.18181818181818182,0.09090909090909091,0.7272727272727273
800,"[0,0,1,1]","[0,-1,1,0]",0.2,0.4,0.4
801,"[0,0,1,1]","[0,-1,1,1]",0.21428571428571427,0.5714285714285714,0.21428571428571427
802,"[0,0,1,1]","[0,0,-1,1]",0.5,0.1,0.4
803,"[0,0,1,1]","[0,1,-1,0]",0.4444444444444444,0.0,0.5555555555555556
804,"[0,0,1,1]","[0,1,0,1]",0.2,0.0,0.8
805,"[0,0,1,1]","[0,1,1,1]",0.18181818181818182,0.45454545454545453,0.36363636363636365
806,"[0,0,1,1]","[1,-1,-1,0]",0.45454545454545453,0.0,0.5454545454545454
807,"[0,0,1,1]","[1,-1,0,-1]",0.5454545454545454,0.0,0.45454545454545453
808,"[0,0,1,1]","[1,-1,1,0]",0.18181818181818182,0.2727272727272727,0.5454545454545454
809,"[0,0,1,1]","[1,0,-1,-1]",0.625,0.125,0.25
810,"[0,0,1,1]","[1,0,-1,1]",0.6363636363636364,0.2727272727272727,0.09090909090909091
811,"[0,0,1,1]","[1,0,0,-1]",0.5,0.2,0.3
812,"[0,0,1,1]","[1,0,0,1]",0.18181818181818182,0.09090909090909091,0.7272727272727273
813,"[0,0,1,1]","[1,0,1,-1]",0.4,0.3,0.3
814,"[0,0,1,1]","[1,0,1,0]",0.1,0.3,0.6
815,"[0,0,1,1]","[1,0,1,1]",0.45454545454545453,0.36363636363636365,0.18181818181818182
816,"[0,0,1,1]","[1,1,0,-1]",0.47058823529411764,0.058823529411764705,0.47058823529411764
817,"[0,0,1,1]","[1,1,0,1]",0.0,0.18181818181818182,0.8181818181818182
818,"[0,0,1,1]","[1,1,1,0]",0.2,0.4,0.4
819,"[0,1,-1,-1]","[-1,-1,0,-1]",0.14285714285714285,0.5,0.35714285714285715
820,"[0,1,-1,-1]","[-1,-1,0,0]",0.0,0.1,0.9
821,"[0,1,-1,-1]","[-1,-1,1,0]",0.1,0.0,0.9
822,"[0,1,-1,-1]","[-1,0,-1,1]",0.1,0.4,0.5
823,"[0,1,-1,-1]","[-1,0,0,-1]",0.18181818181818182,0.36363636363636365,0.45454545454545453
824,"[0,1,-1,-1]","[-1,0,1,0]",0.058823529411764705,0.058823529411764705,0.8823529411764706
825,"[0,1,-1,-1]","[-1,1,-1,0]",0.09090909090909091,0.45454545454545453,0.45454545454545453
826,"[0,1,-1,-1]","[0,-1,-1,-1]",0.09090909090909091,0.7272727272727273,0.18181818181818182
827,"[0,1,-1,-1]","[0,-1,-1,0]",0.3,0.1,0.6
828,"[0,1,-1,-1]","[0,-1,-1,1]",0.3,0.2,0.5
829,"[0,1,-1,-1]","[0,-1,0,1]",0.5,0.1,0.4
830,"[0,1,-1,-1]","[0,-1,1,-1]",0.0,0.6363636363636364,0.36363636363636365
831,"[0,1,-1,-1]","[0,-1,1,0]",0.2727272727272727,0.0,0.7272727272727273
832,"[0,1,-1,-1]","[0,-1,1,1]",0.08333333333333333,0.0,0.9166666666666666
833,"[0,1,-1,-1]","[0,0,-1,-1]",0.0,0.7333333333333333,0.26666666666666666
834,"[0,1,-1,-1]","[0,0,1,-1]",0.0,0.5,0.5
835,"[0,1,-1,-1]","[0,0,1,1]",0.07692307692307693,0.0,0.9230769230769231
836,"[0,1,-1,-1]","[0,1,-1,1]",0.0,0.18181818181818182,0.8181818181818182
837,"[0,1,-1,-1]","[0,1,1,1]",0.09090909090909091,0.18181818181818182,0.7272727272727273
838,"[0,1,-1,-1]","[1,-1,-1,0]",0.4,0.0,0.6
839,"[0,1,-1,-1]","[1,-1,0,-1]",0.09090909090909091,0.36363636363636365,0.5454545454545454
840,"[0,1,-1,-1]","[1,-1,0,0]",0.0,0.09090909090909091,0.9090909090909091
841,"[0,1,-1,-1]","[1,-1,0,1]",0.14285714285714285,0.07142857142857142,0.7857142857142857
842,"[0,1,-1,-1]","[1,0,-1,-1]",0.4,0.4,0.2
843,"[0,1,-1,-1]","[1,0,-1,0]",0.2727272727272727,0.2727272727272727,0.45454545454545453
844,"[0,1,-1,-1]","[1,0,-1,1]",0.2,0.4,0.4
845,"[0,1,-1,-1]","[1,0,0,1]",0.16666666666666666,0.05555555555555555,0.7777777777777778
846,"[0,1,-1,-1]","[1,0,1,-1]",0.0,0.7272727272727273,0.2727272727272727
847,"[0,1,-1,-1]","[1,0,1,0]",0.2,0.0,0.8
848,"[0,1,-1,-1]","[1,1,0,1]",0.0,0.0,1.0
849,"[0,1,-1,-1]","[1,1,1,0]",0.0,0.1,0.9
850,"[0,1,-1,0]","[-1,-1,0,1]",0.3,0.0,0.7
851,"[0,1,-1,0]","[-1,0,-1,1]",0.2,0.5,0.3
852,"[0,1,-1,0]","[-1,0,1,-1]",0.8181818181818182,0.0,0.18181818181818182
853,"[0,1,-1,0]","[-1,0,1,0]",0.2,0.06666666666666667,0.7333333333333333
854,"[0,1,-1,0]","[-1,1,-1,0]",0.36363636363636365,0.45454545454545453,0.18181818181818182
855,"[0,1,-1,0]","[-1,1,0,-1]",0.3,0.7,0.0
856,"[0,1,-1,0]","[-1,1,1,0]",0.18181818181818182,0.09090909090909091,0.7272727272727273
857,"[0,1,-1,0]","[0,-1,-1,0]",0.16666666666666666,0.4444444444444444,0.3888888888888889
858,"[0,1,-1,0]","[0,-1,-1,1]",0.3,0.5,0.2
859,"[0,1,-1,0]","[0,-1,0,-1]",0.3,0.4,0.3
860,"[0,1,-1,0]","[0,-1,1,-1]",0.3333333333333333,0.0,0.6666666666666666
861,"[0,1,-1,0]","[0,-1,1,0]",0.35714285714285715,0.0,0.6428571428571429
862,"[0,1,-1,0]","[0,-1,1,1]",0.5,0.08333333333333333,0.4166666666666667
863,"[0,1,-1,0]","[0,0,-1,-1]",0.5,0.4,0.1
864,"[0,1,-1,0]","[0,0,1,-1]",0.6,0.2,0.2
865,"[0,1,-1,0]","[0,1,-1,-1]",0.2727272727272727,0.5454545454545454,0.18181818181818182
866,"[0,1,-1,0]","[0,1,-1,1]",0.2,0.5,0.3
867,"[0,1,-1,0]","[0,1,1,-1]",0.6,0.0,0.4
868,"[0,1,-1,0]","[0,1,1,0]",0.4,0.0,0.6
869,"[0,1,-1,0]","[0,1,1,1]",0.42857142857142855,0.0,0.5714285714285714
870,"[0,1,-1,0]","[1,-1,0,-1]",0.5,0.0,0.5
871,"[0,1,-1,0]","[1,-1,1,0]",0.16666666666666666,0.0,0.8333333333333334
872,"[0,1,-1,0]","[1,0,1,-1]",0.6363636363636364,0.2727272727272727,0.09090909090909091
873,"[0,1,-1,0]","[1,0,1,1]",0.4,0.0,0.6
874,"[0,1,-1,0]","[1,1,-1,0]",0.0,0.9090909090909091,0.09090909090909091
875,"[0,1,-1,0]","[1,1,0,-1]",0.6,0.2,0.2
876,"[0,1,-1,0]","[1,1,0,0]",0.18181818181818182,0.09090909090909091,0.7272727272727273
877,"[0,1,-1,1]","[-1,-1,-1,0]",0.0,0.6666666666666666,0.3333333333333333
878,"[0,1,-1,1]","[-1,-1,0,-1]",0.13333333333333333,0.13333333333333333,0.7333333333333333
879,"[0,1,-1,1]","[-1,-1,0,1]",0.45454545454545453,0.0,0.5454545454545454
880,"[0,1,-1,1]","[-1,0,-1,0]",0.2727272727272727,0.6363636363636364,0.09090909090909091
881,"[0,1,-1,1]","[-1,0,-1,1]",0.2,0.5333333333333333,0.26666666666666666
882,"[0,1,-1,1]","[-1,0,0,-1]",0.4444444444444444,0.1111111111111111,0.4444444444444444
883,"[0,1,-1,1]","[-1,0,1,1]",0.09090909090909091,0.09090909090909091,0.8181818181818182
884,"[0,1,-1,1]","[-1,1,0,-1]",0.6428571428571429,0.07142857142857142,0.2857142857142857
885,"[0,1,-1,1]","[-1,1,0,0]",0.1,0.1,0.8
886,"[0,1,-1,1]","[-1,1,1,0]",0.5454545454545454,0.0,0.45454545454545453
887,"[0,1,-1,1]","[0,-1,-1,-1]",0.4,0.6,0.0
888,"[0,1,-1,1]","[0,-1,-1,0]",0.06666666666666667,0.7333333333333333,0.2
889,"[0,1,-1,1]","[0,-1,-1,1]",0.3,0.4,0.3
890,"[0,1,-1,1]","[0,-1,0,-1]",0.45454545454545453,0.18181818181818182,0.36363636363636365
891,"[0,1,-1,1]","[0,-1,0,1]",0.3076923076923077,0.15384615384615385,0.5384615384615384
892,"[0,1,-1,1]","[0,-1,1,-1]",0.3333333333333333,0.06666666666666667,0.6
893,"[0,1,-1,1]","[0,-1,1,0]",0.3,0.0,0.7
894,"[0,1,-1,1]","[0,0,-1,-1]",0.5454545454545454,0.18181818181818182,0.2727272727272727
895,"[0,1,-1,1]","[0,0,1,-1]",0.7857142857142857,0.0,0.21428571428571427
896,"[0,1,-1,1]","[0,0,1,1]",0.3,0.0,0.7
897,"[0,1,-1,1]","[0,1,1,-1]",0.9,0.0,0.1
898,"[0,1,-1,1]","[0,1,1,1]",0.5,0.0,0.5
899,"[0,1,-1,1]","[1,-1,-1,0]",0.1,0.6,0.3
900,"[0,1,-1,1]","[1,-1,0,0]",0.0,0.0,1.0
901,"[0,1,-1,1]","[1,0,-1,-1]",0.46153846153846156,0.38461538461538464,0.15384615384615385
902,"[0,1,-1,1]","[1,0,-1,1]",0.09090909090909091,0.6363636363636364,0.2727272727272727
903,"[0,1,-1,1]","[1,0,0,-1]",0.35714285714285715,0.07142857142857142,0.5714285714285714
904,"[0,1,-1,1]","[1,0,0,1]",0.09090909090909091,0.09090909090909091,0.8181818181818182
905,"[0,1,-1,1]","[1,0,1,0]",0.18181818181818182,0.18181818181818182,0.6363636363636364
906,"[0,1,-1,1]","[1,1,0,-1]",0.5714285714285714,0.07142857142857142,0.35714285714285715
907,"[0,1,-1,1]","[1,1,0,0]",0.2727272727272727,0.09090909090909091,0.6363636363636364
908,"[0,1,0,-1]","[-1,0,-1,-1]",0.4,0.5,0.1
909,"[0,1,0,-1]","[-1,0,-1,1]",0.35714285714285715,0.07142857142857142,0.5714285714285714
910,"[0,1,0,-1]","[-1,0,0,1]",0.0,0.0,1.0
911,"[0,1,0,-1]","[-1,0,1,-1]",0.16666666666666666,0.75,0.08333333333333333
912,"[0,1,0,-1]","[-1,0,1,0]",0.2,0.06666666666666667,0.7333333333333333
913,"[0,1,0,-1]","[-1,1,1,0]",0.18181818181818182,0.45454545454545453,0.36363636363636365
914,"[0,1,0,-1]","[0,-1,-1,0]",0.3,0.1,0.6
915,"[0,1,0,-1]","[0,-1,0,-1]",0.2727272727272727,0.6363636363636364,0.09090909090909091
916,"[0,1,0,-1]","[0,-1,1,-1]",0.45454545454545453,0.36363636363636365,0.18181818181818182
917,"[0,1,0,-1]","[0,-1,1,0]",0.25,0.125,0.625
918,"[0,1,0,-1]","[0,0,1,1]",0.4,0.0,0.6
919,"[0,1,0,-1]","[0,1,-1,-1]",0.45454545454545453,0.36363636363636365,0.18181818181818182
920,"[0,1,0,-1]","[0,1,-1,0]",0.25,0.08333333333333333,0.6666666666666666
921,"[0,1,0,-1]","[0,1,-1,1]",0.2857142857142857,0.0,0.7142857142857143
922,"[0,1,0,-1]","[0,1,0,1]",0.18181818181818182,0.09090909090909091,0.7272727272727273
923,"[0,1,0,-1]","[1,-1,-1,0]",0.2727272727272727,0.09090909090909091,0.6363636363636364
924,"[0,1,0,-1]","[1,-1,0,0]",0.09090909090909091,0.09090909090909091,0.8181818181818182
925,"[0,1,0,-1]","[1,-1,1,0]",0.5,0.0,0.5
926,"[0,1,0,-1]","[1,0,-1,-1]",0.36363636363636365,0.2727272727272727,0.36363636363636365
927,"[0,1,0,-1]","[1,0,1,-1]",0.15384615384615385,0.6923076923076923,0.15384615384615385
928,"[0,1,0,1]","[-1,-1,-1,0]",0.7272727272727273,0.0,0.2727272727272727
929,"[0,1,0,1]","[-1,-1,0,1]",0.5,0.1,0.4
930,"[0,1,0,1]","[-1,0,-1,1]",0.6,0.2,0.2
931,"[0,1,0,1]","[-1,0,1,1]",0.6363636363636364,0.09090909090909091,0.2727272727272727
932,"[0,1,0,1]","[-1,1,-1,0]",0.6,0.1,0.3
933,"[0,1,0,1]","[-1,1,0,-1]",0.6,0.4,0.0
934,"[0,1,0,1]","[-1,1,0,0]",0.45454545454545453,0.0,0.5454545454545454
935,"[0,1,0,1]","[-1,1,0,1]",0.36363636363636365,0.2727272727272727,0.36363636363636365
936,"[0,1,0,1]","[0,-1,-1,-1]",0.75,0.125,0.125
937,"[0,1,0,1]","[0,-1,-1,1]",0.7,0.1,0.2
938,"[0,1,0,1]","[0,-1,0,-1]",0.7,0.0,0.3
939,"[0,1,0,1]","[0,-1,1,-1]",0.9090909090909091,0.0,0.09090909090909091
940,"[0,1,0,1]","[0,-1,1,0]",0.5454545454545454,0.18181818181818182,0.2727272727272727
941,"[0,1,0,1]","[0,0,-1,-1]",1.0,0.0,0.0
942,"[0,1,0,1]","[0,0,-1,1]",0.9,0.1,0.0
943,"[0,1,0,1]","[0,0,1,-1]",0.8181818181818182,0.09090909090909091,0.09090909090909091
944,"[0,1,0,1]","[0,1,-1,-1]",0.9,0.0,0.1
945,"[0,1,0,1]","[0,1,-1,0]",0.9,0.1,0.0
946,"[0,1,0,1]","[0,1,-1,1]",0.6363636363636364,0.2727272727272727,0.09090909090909091
947,"[0,1,0,1]","[0,1,1,-1]",0.9,0.1,0.0
948,"[0,1,0,1]","[0,1,1,0]",0.8,0.0,0.2
949,"[0,1,0,1]","[0,1,1,1]",0.2727272727272727,0.45454545454545453,0.2727272727272727
950,"[0,1,0,1]","[1,-1,0,0]",0.3,0.1,0.6
951,"[0,1,0,1]","[1,-1,0,1]",0.3333333333333333,0.08333333333333333,0.5833333333333334
952,"[0,1,0,1]","[1,-1,1,0]",0.7222222222222222,0.0,0.2777777777777778
953,"[0,1,0,1]","[1,0,-1,-1]",0.9,0.1,0.0
954,"[0,1,0,1]","[1,0,-1,0]",0.8,0.1,0.1
955,"[0,1,0,1]","[1,0,1,-1]",0.7,0.2,0.1
956,"[0,1,0,1]","[1,0,1,0]",0.5,0.1,0.4
957,"[0,1,0,1]","[1,1,-1,0]",0.8181818181818182,0.18181818181818182,0.0
958,"[0,1,0,1]","[1,1,0,-1]",0.9090909090909091,0.0,0.09090909090909091
959,"[0,1,0,1]","[1,1,0,0]",0.45454545454545453,0.09090909090909091,0.45454545454545453
960,"[0,1,0,1]","[1,1,0,1]",0.2,0.2,0.6
961,"[0,1,0,1]","[1,1,1,0]",0.7272727272727273,0.0,0.2727272727272727
962,"[0,1,1,-1]","[-1,-1,-1,0]",0.07142857142857142,0.0,0.9285714285714286
963,"[0,1,1,-1]","[-1,-1,0,1]",0.2,0.0,0.8
964,"[0,1,1,-1]","[-1,0,-1,-1]",0.3,0.4,0.3
965,"[0,1,1,-1]","[-1,0,0,-1]",0.2,0.6,0.2
966,"[0,1,1,-1]","[-1,0,0,1]",0.09090909090909091,0.0,0.9090909090909091
967,"[0,1,1,-1]","[-1,0,1,0]",0.13333333333333333,0.13333333333333333,0.7333333333333333
968,"[0,1,1,-1]","[-1,0,1,1]",0.0,0.2,0.8
969,"[0,1,1,-1]","[-1,1,-1,0]",0.2857142857142857,0.14285714285714285,0.5714285714285714
970,"[0,1,1,-1]","[-1,1,0,0]",0.3,0.0,0.7
971,"[0,1,1,-1]","[0,-1,-1,0]",0.0,0.0,1.0
972,"[0,1,1,-1]","[0,-1,-1,1]",0.16666666666666666,0.0,0.8333333333333334
973,"[0,1,1,-1]","[0,0,-1,1]",0.21428571428571427,0.0,0.7857142857142857
974,"[0,1,1,-1]","[0,0,1,1]",0.18181818181818182,0.09090909090909091,0.7272727272727273
975,"[0,1,1,-1]","[0,1,-1,-1]",0.18181818181818182,0.5454545454545454,0.2727272727272727
976,"[0,1,1,-1]","[0,1,0,-1]",0.2,0.5,0.3
977,"[0,1,1,-1]","[0,1,1,0]",0.0,0.3,0.7
978,"[0,1,1,-1]","[0,1,1,1]",0.09090909090909091,0.09090909090909091,0.8181818181818182
979,"[0,1,1,-1]","[1,-1,-1,0]",0.3333333333333333,0.06666666666666667,0.6
980,"[0,1,1,-1]","[1,-1,0,-1]",0.1,0.4,0.5
981,"[0,1,1,-1]","[1,-1,0,0]",0.0,0.0,1.0
982,"[0,1,1,-1]","[1,-1,0,1]",0.09090909090909091,0.0,0.9090909090909091
983,"[0,1,1,-1]","[1,-1,1,0]",0.09090909090909091,0.0,0.9090909090909091
984,"[0,1,1,-1]","[1,0,-1,0]",0.1111111111111111,0.1111111111111111,0.7777777777777778
985,"[0,1,1,-1]","[1,0,1,0]",0.2,0.0,0.8
986,"[0,1,1,-1]","[1,1,0,0]",0.0,0.1,0.9
987,"[0,1,1,-1]","[1,1,0,1]",0.1,0.0,0.9
988,"[0,1,1,-1]","[1,1,1,0]",0.07142857142857142,0.2857142857142857,0.6428571428571429
989,"[0,1,1,0]","[-1,-1,-1,0]",0.2727272727272727,0.09090909090909091,0.6363636363636364
990,"[0,1,1,0]","[-1,-1,0,-1]",0.2727272727272727,0.2727272727272727,0.45454545454545453
991,"[0,1,1,0]","[-1,-1,0,1]",0.5,0.0,0.5
992,"[0,1,1,0]","[-1,-1,1,0]",0.2727272727272727,0.36363636363636365,0.36363636363636365
993,"[0,1,1,0]","[-1,0,-1,1]",0.6,0.0,0.4
994,"[0,1,1,0]","[-1,0,0,-1]",0.26666666666666666,0.06666666666666667,0.6666666666666666
995,"[0,1,1,0]","[-1,0,1,-1]",0.3,0.2,0.5
996,"[0,1,1,0]","[-1,1,1,0]",0.4,0.3,0.3
997,"[0,1,1,0]","[0,-1,-1,-1]",0.9,0.0,0.1
998,"[0,1,1,0]","[0,-1,-1,1]",0.7,0.1,0.2
999,"[0,1,1,0]","[0,-1,0,-1]",0.2727272727272727,0.18181818181818182,0.5454545454545454
1000,"[0,1,1,0]","[0,-1,1,-1]",0.6,0.3,0.1
1001,"[0,1,1,0]","[0,0,-1,-1]",0.6666666666666666,0.0,0.3333333333333333
1002,"[0,1,1,0]","[0,0,1,1]",0.25,0.4166666666666667,0.3333333333333333
1003,"[0,1,1,0]","[0,1,-1,-1]",0.8125,0.125,0.0625
1004,"[0,1,1,0]","[0,1,-1,1]",0.7,0.0,0.3
1005,"[0,1,1,0]","[0,1,0,-1]",0.36363636363636365,0.36363636363636365,0.2727272727272727
1006,"[0,1,1,0]","[0,1,1,1]",0.25,0.4166666666666667,0.3333333333333333
1007,"[0,1,1,0]","[1,-1,-1,0]",0.6470588235294118,0.0,0.35294117647058826
1008,"[0,1,1,0]","[1,-1,0,0]",0.2,0.0,0.8
1009,"[0,1,1,0]","[1,0,-1,1]",0.6363636363636364,0.0,0.36363636363636365
1010,"[0,1,1,0]","[1,0,0,1]",0.18181818181818182,0.0,0.8181818181818182
1011,"[0,1,1,0]","[1,0,1,1]",0.45454545454545453,0.18181818181818182,0.36363636363636365
1012,"[0,1,1,0]","[1,1,0,-1]",0.6363636363636364,0.18181818181818182,0.18181818181818182
1013,"[0,1,1,0]","[1,1,0,0]",0.1,0.1,0.8
1014,"[0,1,1,0]","[1,1,1,0]",0.2,0.2,0.6
1015,"[0,1,1,1]","[-1,-1,-1,0]",0.4,0.1,0.5
1016,"[0,1,1,1]","[-1,-1,0,-1]",0.5454545454545454,0.09090909090909091,0.36363636363636365
1017,"[0,1,1,1]","[-1,-1,0,0]",0.5,0.0,0.5
1018,"[0,1,1,1]","[-1,-1,0,1]",0.38461538461538464,0.07692307692307693,0.5384615384615384
1019,"[0,1,1,1]","[-1,-1,1,0]",0.0,0.2,0.8
1020,"[0,1,1,1]","[-1,0,-1,-1]",0.8181818181818182,0.0,0.18181818181818182
1021,"[0,1,1,1]","[-1,0,-1,0]",0.6,0.0,0.4
1022,"[0,1,1,1]","[-1,0,0,-1]",0.7,0.1,0.2
1023,"[0,1,1,1]","[-1,0,0,1]",0.0,0.0,1.0
1024,"[0,1,1,1]","[-1,0,1,1]",0.3,0.2,0.5
1025,"[0,1,1,1]","[-1,1,-1,0]",0.5,0.05555555555555555,0.4444444444444444
1026,"[0,1,1,1]","[-1,1,0,-1]",0.6153846153846154,0.23076923076923078,0.15384615384615385
1027,"[0,1,1,1]","[0,-1,-1,-1]",0.8,0.0,0.2
1028,"[0,1,1,1]","[0,-1,-1,0]",0.6,0.06666666666666667,0.3333333333333333
1029,"[0,1,1,1]","[0,-1,1,-1]",0.6666666666666666,0.0,0.3333333333333333
1030,"[0,1,1,1]","[0,-1,1,1]",0.125,0.25,0.625
1031,"[0,1,1,1]","[0,1,0,-1]",0.6,0.0,0.4
1032,"[0,1,1,1]","[1,-1,0,-1]",0.5,0.0,0.5
1033,"[0,1,1,1]","[1,-1,0,0]",0.0,0.09090909090909091,0.9090909090909091
1034,"[0,1,1,1]","[1,-1,1,0]",0.4666666666666667,0.2,0.3333333333333333
1035,"[0,1,1,1]","[1,0,-1,-1]",0.8,0.1,0.1
1036,"[0,1,1,1]","[1,0,-1,0]",0.6666666666666666,0.13333333333333333,0.2
1037,"[0,1,1,1]","[1,0,0,1]",0.25,0.0,0.75
1038,"[0,1,1,1]","[1,1,-1,0]",0.6153846153846154,0.07692307692307693,0.3076923076923077
1039,"[0,1,1,1]","[1,1,0,0]",0.2727272727272727,0.09090909090909091,0.6363636363636364
1040,"[0,1,1,1]","[1,1,0,1]",0.09090909090909091,0.2727272727272727,0.6363636363636364
1041,"[1,-1,-1,0]","[-1,-1,0,0]",0.3,0.1,0.6
1042,"[1,-1,-1,0]","[-1,-1,1,0]",0.09090909090909091,0.0,0.9090909090909091
1043,"[1,-1,-1,0]","[-1,0,-1,-1]",0.5454545454545454,0.09090909090909091,0.36363636363636365
1044,"[1,-1,-1,0]","[-1,0,-1,0]",0.0,0.6363636363636364,0.36363636363636365
1045,"[1,-1,-1,0]","[-1,0,-1,1]",0.16666666666666666,0.5,0.3333333333333333
1046,"[1,-1,-1,0]","[-1,0,0,-1]",0.3333333333333333,0.2222222222222222,0.4444444444444444
1047,"[1,-1,-1,0]","[-1,0,0,1]",0.1875,0.0625,0.75
1048,"[1,-1,-1,0]","[-1,0,1,0]",0.3,0.0,0.7
1049,"[1,-1,-1,0]","[-1,0,1,1]",0.3076923076923077,0.23076923076923078,0.46153846153846156
1050,"[1,-1,-1,0]","[-1,1,-1,0]",0.09090909090909091,0.7272727272727273,0.18181818181818182
1051,"[1,-1,-1,0]","[-1,1,0,-1]",0.8181818181818182,0.09090909090909091,0.09090909090909091
1052,"[1,-1,-1,0]","[-1,1,0,1]",0.1,0.4,0.5
1053,"[1,-1,-1,0]","[0,-1,-1,-1]",0.4,0.5,0.1
1054,"[1,-1,-1,0]","[0,-1,-1,1]",0.13333333333333333,0.6,0.26666666666666666
1055,"[1,-1,-1,0]","[0,-1,0,1]",0.3,0.0,0.7
1056,"[1,-1,-1,0]","[0,-1,1,-1]",0.7,0.1,0.2
1057,"[1,-1,-1,0]","[0,-1,1,1]",0.5454545454545454,0.0,0.45454545454545453
1058,"[1,-1,-1,0]","[0,0,-1,1]",0.2,0.4666666666666667,0.3333333333333333
1059,"[1,-1,-1,0]","[0,0,1,-1]",0.5,0.0,0.5
1060,"[1,-1,-1,0]","[0,1,-1,0]",0.09090909090909091,0.45454545454545453,0.45454545454545453
1061,"[1,-1,-1,0]","[0,1,0,1]",0.14285714285714285,0.21428571428571427,0.6428571428571429
1062,"[1,-1,-1,0]","[0,1,1,1]",0.09090909090909091,0.18181818181818182,0.7272727272727273
1063,"[1,-1,-1,0]","[1,-1,0,0]",0.1,0.0,0.9
1064,"[1,-1,-1,0]","[1,-1,0,1]",0.3,0.0,0.7
1065,"[1,-1,-1,0]","[1,0,-1,0]",0.4,0.3,0.3
1066,"[1,-1,-1,0]","[1,0,0,-1]",0.7,0.0,0.3
1067,"[1,-1,-1,0]","[1,0,1,1]",0.08333333333333333,0.0,0.9166666666666666
1068,"[1,-1,-1,0]","[1,1,0,-1]",0.7,0.0,0.3
1069,"[1,-1,-1,0]","[1,1,0,0]",0.18181818181818182,0.0,0.8181818181818182
1070,"[1,-1,-1,0]","[1,1,0,1]",0.18181818181818182,0.36363636363636365,0.45454545454545453
1071,"[1,-1,0,-1]","[-1,-1,0,-1]",0.2727272727272727,0.45454545454545453,0.2727272727272727
1072,"[1,-1,0,-1]","[-1,0,-1,-1]",0.5333333333333333,0.26666666666666666,0.2
1073,"[1,-1,0,-1]","[-1,0,0,-1]",0.1,0.6,0.3
1074,"[1,-1,0,-1]","[-1,0,1,-1]",0.2,0.5,0.3
1075,"[1,-1,0,-1]","[-1,0,1,0]",0.4,0.2,0.4
1076,"[1,-1,0,-1]","[-1,1,0,0]",0.18181818181818182,0.2727272727272727,0.5454545454545454
1077,"[1,-1,0,-1]","[-1,1,0,1]",0.36363636363636365,0.0,0.6363636363636364
1078,"[1,-1,0,-1]","[0,-1,-1,1]",0.3,0.2,0.5
1079,"[1,-1,0,-1]","[0,-1,0,-1]",0.5,0.21428571428571427,0.2857142857142857
1080,"[1,-1,0,-1]","[0,-1,1,0]",0.3333333333333333,0.2,0.4666666666666667
1081,"[1,-1,0,-1]","[0,-1,1,1]",0.3,0.1,0.6
1082,"[1,-1,0,-1]","[0,0,-1,1]",0.4,0.3,0.3
1083,"[1,-1,0,-1]","[0,1,-1,1]",0.5384615384615384,0.0,0.46153846153846156
1084,"[1,-1,0,-1]","[0,1,0,-1]",0.18181818181818182,0.2727272727272727,0.5454545454545454
1085,"[1,-1,0,-1]","[0,1,0,1]",0.2,0.0,0.8
1086,"[1,-1,0,-1]","[0,1,1,0]",0.3,0.5,0.2
1087,"[1,-1,0,-1]","[1,-1,-1,0]",0.45454545454545453,0.0,0.5454545454545454
1088,"[1,-1,0,-1]","[1,-1,0,0]",0.1,0.0,0.9
1089,"[1,-1,0,-1]","[1,-1,0,1]",0.23076923076923078,0.23076923076923078,0.5384615384615384
1090,"[1,-1,0,-1]","[1,0,-1,0]",0.5,0.0,0.5
1091,"[1,-1,0,-1]","[1,0,0,1]",0.0,0.2,0.8
1092,"[1,-1,0,-1]","[1,1,-1,0]",0.6,0.0,0.4
1093,"[1,-1,0,-1]","[1,1,0,-1]",0.3,0.4,0.3
1094,"[1,-1,0,-1]","[1,1,0,1]",0.2,0.0,0.8
1095,"[1,-1,0,0]","[-1,-1,0,-1]",0.7,0.2,0.1
1096,"[1,-1,0,0]","[-1,-1,0,0]",0.5,0.0,0.5
1097,"[1,-1,0,0]","[-1,-1,0,1]",0.8571428571428571,0.07142857142857142,0.07142857142857142
1098,"[1,-1,0,0]","[-1,0,0,-1]",0.9230769230769231,0.0,0.07692307692307693
1099,"[1,-1,0,0]","[-1,1,0,-1]",0.8181818181818182,0.09090909090909091,0.09090909090909091
1100,"[1,-1,0,0]","[-1,1,0,1]",0.4,0.2,0.4
1101,"[1,-1,0,0]","[-1,1,1,0]",0.8,0.0,0.2
1102,"[1,-1,0,0]","[0,-1,-1,0]",0.9,0.0,0.1
1103,"[1,-1,0,0]","[0,-1,0,-1]",0.7272727272727273,0.09090909090909091,0.18181818181818182
1104,"[1,-1,0,0]","[0,0,-1,-1]",0.7857142857142857,0.07142857142857142,0.14285714285714285
1105,"[1,-1,0,0]","[0,0,1,-1]",0.9,0.1,0.0
1106,"[1,-1,0,0]","[0,0,1,1]",0.7,0.2,0.1
1107,"[1,-1,0,0]","[0,1,-1,0]",0.75,0.08333333333333333,0.16666666666666666
1108,"[1,-1,0,0]","[1,-1,1,0]",0.6363636363636364,0.0,0.36363636363636365
1109,"[1,-1,0,0]","[1,0,-1,0]",0.6363636363636364,0.18181818181818182,0.18181818181818182
1110,"[1,-1,0,0]","[1,0,1,-1]",0.9,0.0,0.1
1111,"[1,-1,0,0]","[1,0,1,0]",0.9,0.0,0.1
1112,"[1,-1,0,0]","[1,1,-1,0]",0.8571428571428571,0.07142857142857142,0.07142857142857142
1113,"[1,-1,0,0]","[1,1,1,0]",0.6,0.2,0.2
1114,"[1,-1,0,1]","[-1,-1,-1,0]",0.7272727272727273,0.09090909090909091,0.18181818181818182
1115,"[1,-1,0,1]","[-1,-1,0,-1]",0.5,0.5,0.0
1116,"[1,-1,0,1]","[-1,-1,1,0]",0.5454545454545454,0.0,0.45454545454545453
1117,"[1,-1,0,1]","[-1,0,-1,-1]",0.7857142857142857,0.07142857142857142,0.14285714285714285
1118,"[1,-1,0,1]","[-1,0,-1,0]",0.7,0.0,0.3
1119,"[1,-1,0,1]","[-1,0,-1,1]",0.7272727272727273,0.0,0.2727272727272727
1120,"[1,-1,0,1]","[-1,0,0,-1]",0.8,0.1,0.1
1121,"[1,-1,0,1]","[-1,0,0,1]",0.2857142857142857,0.07142857142857142,0.6428571428571429
1122,"[1,-1,0,1]","[-1,0,1,-1]",0.7,0.1,0.2
1123,"[1,-1,0,1]","[-1,0,1,0]",0.6,0.0,0.4
1124,"[1,-1,0,1]","[-1,1,0,0]",0.3,0.1,0.6
1125,"[1,-1,0,1]","[-1,1,0,1]",0.45454545454545453,0.0,0.5454545454545454
1126,"[1,-1,0,1]","[-1,1,1,0]",0.9,0.0,0.1
1127,"[1,-1,0,1]","[0,-1,-1,1]",0.47058823529411764,0.47058823529411764,0.058823529411764705
1128,"[1,-1,0,1]","[0,-1,0,-1]",0.9090909090909091,0.09090909090909091,0.0
1129,"[1,-1,0,1]","[0,-1,0,1]",0.4,0.5,0.1
1130,"[1,-1,0,1]","[0,-1,1,-1]",0.75,0.08333333333333333,0.16666666666666666
1131,"[1,-1,0,1]","[0,-1,1,0]",0.5333333333333333,0.06666666666666667,0.4
1132,"[1,-1,0,1]","[0,-1,1,1]",0.6923076923076923,0.3076923076923077,0.0
1133,"[1,-1,0,1]","[0,0,-1,-1]",0.7,0.1,0.2
1134,"[1,-1,0,1]","[0,0,1,-1]",0.5,0.3,0.2
1135,"[1,-1,0,1]","[0,0,1,1]",0.5,0.21428571428571427,0.2857142857142857
1136,"[1,-1,0,1]","[0,1,-1,0]",1.0,0.0,0.0
1137,"[1,-1,0,1]","[0,1,-1,1]",0.6363636363636364,0.0,0.36363636363636365
1138,"[1,-1,0,1]","[0,1,0,-1]",0.6363636363636364,0.0,0.36363636363636365
1139,"[1,-1,0,1]","[0,1,1,0]",0.6363636363636364,0.0,0.36363636363636365
1140,"[1,-1,0,1]","[0,1,1,1]",0.8,0.0,0.2
1141,"[1,-1,0,1]","[1,-1,0,0]",0.36363636363636365,0.18181818181818182,0.45454545454545453
1142,"[1,-1,0,1]","[1,0,-1,1]",0.6666666666666666,0.0,0.3333333333333333
1143,"[1,-1,0,1]","[1,0,0,1]",0.23076923076923078,0.23076923076923078,0.5384615384615384
1144,"[1,-1,0,1]","[1,0,1,1]",0.7647058823529411,0.11764705882352941,0.11764705882352941
1145,"[1,-1,0,1]","[1,1,0,-1]",0.7,0.0,0.3
1146,"[1,-1,0,1]","[1,1,0,0]",0.14285714285714285,0.07142857142857142,0.7857142857142857
1147,"[1,-1,1,0]","[-1,-1,-1,0]",0.4,0.1,0.5
1148,"[1,-1,1,0]","[-1,-1,0,0]",0.0,0.0,1.0
1149,"[1,-1,1,0]","[-1,0,-1,-1]",0.5,0.3,0.2
1150,"[1,-1,1,0]","[-1,0,1,-1]",0.2727272727272727,0.5454545454545454,0.18181818181818182
1151,"[1,-1,1,0]","[-1,0,1,0]",0.4166666666666667,0.16666666666666666,0.4166666666666667
1152,"[1,-1,1,0]","[-1,0,1,1]",0.4,0.4,0.2
1153,"[1,-1,1,0]","[-1,1,-1,0]",0.7,0.1,0.2
1154,"[1,-1,1,0]","[-1,1,0,-1]",0.7272727272727273,0.09090909090909091,0.18181818181818182
1155,"[1,-1,1,0]","[0,-1,-1,-1]",0.9,0.1,0.0
1156,"[1,-1,1,0]","[0,-1,-1,0]",0.23076923076923078,0.07692307692307693,0.6923076923076923
1157,"[1,-1,1,0]","[0,-1,-1,1]",0.5625,0.1875,0.25
1158,"[1,-1,1,0]","[0,-1,0,-1]",0.5,0.0,0.5
1159,"[1,-1,1,0]","[0,-1,1,-1]",0.8,0.1,0.1
1160,"[1,-1,1,0]","[0,0,-1,1]",0.5,0.0,0.5
1161,"[1,-1,1,0]","[0,0,1,-1]",0.6428571428571429,0.21428571428571427,0.14285714285714285
1162,"[1,-1,1,0]","[0,1,-1,-1]",0.9090909090909091,0.0,0.09090909090909091
1163,"[1,-1,1,0]","[0,1,-1,1]",0.5,0.1111111111111111,0.3888888888888889
1164,"[1,-1,1,0]","[0,1,1,0]",0.36363636363636365,0.18181818181818182,0.45454545454545453
1165,"[1,-1,1,0]","[1,-1,-1,0]",0.8,0.1,0.1
1166,"[1,-1,1,0]","[1,-1,0,-1]",0.6,0.1,0.3
1167,"[1,-1,1,0]","[1,-1,0,1]",0.21428571428571427,0.2857142857142857,0.5
1168,"[1,-1,1,0]","[1,0,-1,1]",0.5454545454545454,0.09090909090909091,0.36363636363636365
1169,"[1,-1,1,0]","[1,0,0,-1]",0.5454545454545454,0.2727272727272727,0.18181818181818182
1170,"[1,-1,1,0]","[1,1,0,-1]",0.6428571428571429,0.07142857142857142,0.2857142857142857
1171,"[1,-1,1,0]","[1,1,1,0]",0.18181818181818182,0.2727272727272727,0.5454545454545454
1172,"[1,0,-1,-1]","[-1,-1,0,0]",0.09090909090909091,0.18181818181818182,0.7272727272727273
1173,"[1,0,-1,-1]","[-1,-1,0,1]",0.3333333333333333,0.05555555555555555,0.6111111111111112
1174,"[1,0,-1,-1]","[-1,0,-1,-1]",0.2,0.5,0.3
1175,"[1,0,-1,-1]","[-1,0,-1,0]",0.2,0.6,0.2
1176,"[1,0,-1,-1]","[-1,0,-1,1]",0.0,0.4,0.6
1177,"[1,0,-1,-1]","[-1,0,0,-1]",0.0,0.4,0.6
1178,"[1,0,-1,-1]","[-1,0,1,-1]",0.25,0.375,0.375
1179,"[1,0,-1,-1]","[-1,0,1,1]",0.0,0.18181818181818182,0.8181818181818182
1180,"[1,0,-1,-1]","[0,-1,-1,1]",0.0,0.5,0.5
1181,"[1,0,-1,-1]","[0,-1,0,-1]",0.0,0.7,0.3
1182,"[1,0,-1,-1]","[0,-1,0,1]",0.0,0.0,1.0
1183,"[1,0,-1,-1]","[0,-1,1,-1]",0.3,0.4,0.3
1184,"[1,0,-1,-1]","[0,-1,1,1]",0.08333333333333333,0.08333333333333333,0.8333333333333334
1185,"[1,0,-1,-1]","[0,0,-1,1]",0.0,0.3,0.7
1186,"[1,0,-1,-1]","[0,1,-1,0]",0.2,0.4,0.4
1187,"[1,0,-1,-1]","[0,1,1,-1]",0.2,0.4,0.4
1188,"[1,0,-1,-1]","[0,1,1,0]",0.21428571428571427,0.2857142857142857,0.5
1189,"[1,0,-1,-1]","[1,-1,-1,0]",0.2,0.4,0.4
1190,"[1,0,-1,-1]","[1,-1,0,-1]",0.0,0.4375,0.5625
1191,"[1,0,-1,-1]","[1,-1,0,0]",0.2727272727272727,0.0,0.7272727272727273
1192,"[1,0,-1,-1]","[1,-1,0,1]",0.0,0.0,1.0
1193,"[1,0,-1,-1]","[1,-1,1,0]",0.2,0.2,0.6
1194,"[1,0,-1,-1]","[1,0,-1,1]",0.15384615384615385,0.23076923076923078,0.6153846153846154
1195,"[1,0,-1,-1]","[1,0,1,-1]",0.09090909090909091,0.45454545454545453,0.45454545454545453
1196,"[1,0,-1,-1]","[1,0,1,0]",0.0,0.0,1.0
1197,"[1,0,-1,-1]","[1,0,1,1]",0.2,0.0,0.8
1198,"[1,0,-1,-1]","[1,1,-1,0]",0.1,0.1,0.8
1199,"[1,0,-1,-1]","[1,1,0,1]",0.07692307692307693,0.0,0.9230769230769231
1200,"[1,0,-1,0]","[-1,-1,0,0]",0.1,0.1,0.8
1201,"[1,0,-1,0]","[-1,-1,0,1]",0.2727272727272727,0.0,0.7272727272727273
1202,"[1,0,-1,0]","[-1,0,-1,1]",0.0,0.5454545454545454,0.45454545454545453
1203,"[1,0,-1,0]","[-1,0,0,-1]",0.5454545454545454,0.0,0.45454545454545453
1204,"[1,0,-1,0]","[-1,0,1,0]",0.4,0.0,0.6
1205,"[1,0,-1,0]","[-1,1,-1,0]",0.1,0.7,0.2
1206,"[1,0,-1,0]","[-1,1,0,-1]",0.6,0.1,0.3
1207,"[1,0,-1,0]","[0,0,-1,-1]",0.6,0.4,0.0
1208,"[1,0,-1,0]","[0,0,-1,1]",0.1,0.6,0.3
1209,"[1,0,-1,0]","[0,0,1,-1]",0.2727272727272727,0.18181818181818182,0.5454545454545454
1210,"[1,0,-1,0]","[0,0,1,1]",0.23076923076923078,0.15384615384615385,0.6153846153846154
1211,"[1,0,-1,0]","[0,1,-1,0]",0.45454545454545453,0.45454545454545453,0.09090909090909091
1212,"[1,0,-1,0]","[0,1,-1,1]",0.2,0.8,0.0
1213,"[1,0,-1,0]","[0,1,0,-1]",0.5384615384615384,0.0,0.46153846153846156
1214,"[1,0,-1,0]","[0,1,1,0]",0.2,0.0,0.8
1215,"[1,0,-1,0]","[1,-1,0,1]",0.35714285714285715,0.14285714285714285,0.5
1216,"[1,0,-1,0]","[1,-1,1,0]",0.18181818181818182,0.2727272727272727,0.5454545454545454
1217,"[1,0,-1,0]","[1,0,-1,-1]",0.9,0.1,0.0
1218,"[1,0,-1,0]","[1,0,-1,1]",0.0,0.8,0.2
1219,"[1,0,-1,0]","[1,0,0,-1]",0.5,0.0,0.5
1220,"[1,0,-1,0]","[1,0,0,1]",0.4,0.0,0.6
1221,"[1,0,-1,0]","[1,1,-1,0]",0.2,0.3333333333333333,0.4666666666666667
1222,"[1,0,-1,1]","[-1,-1,0,1]",0.0,0.09090909090909091,0.9090909090909091
1223,"[1,0,-1,1]","[-1,-1,1,0]",0.21428571428571427,0.14285714285714285,0.6428571428571429
1224,"[1,0,-1,1]","[-1,0,-1,-1]",0.6363636363636364,0.36363636363636365,0.0
1225,"[1,0,-1,1]","[-1,0,-1,0]",0.2,0.5,0.3
1226,"[1,0,-1,1]","[-1,0,1,-1]",0.7,0.0,0.3
1227,"[1,0,-1,1]","[-1,0,1,1]",0.45454545454545453,0.09090909090909091,0.45454545454545453
1228,"[1,0,-1,1]","[-1,1,0,-1]",0.6,0.2,0.2
1229,"[1,0,-1,1]","[-1,1,0,0]",0.36363636363636365,0.0,0.6363636363636364
1230,"[1,0,-1,1]","[-1,1,1,0]",0.6,0.0,0.4
1231,"[1,0,-1,1]","[0,-1,-1,-1]",0.5333333333333333,0.4,0.06666666666666667
1232,"[1,0,-1,1]","[0,-1,-1,0]",0.3888888888888889,0.4444444444444444,0.16666666666666666
1233,"[1,0,-1,1]","[0,-1,-1,1]",0.36363636363636365,0.5454545454545454,0.09090909090909091
1234,"[1,0,-1,1]","[0,-1,0,-1]",0.6,0.0,0.4
1235,"[1,0,-1,1]","[0,-1,1,1]",0.3,0.2,0.5
1236,"[1,0,-1,1]","[0,0,-1,-1]",0.5,0.4,0.1
1237,"[1,0,-1,1]","[0,0,-1,1]",0.09090909090909091,0.6363636363636364,0.2727272727272727
1238,"[1,0,-1,1]","[0,1,-1,0]",0.0,0.7272727272727273,0.2727272727272727
1239,"[1,0,-1,1]","[0,1,0,-1]",0.6666666666666666,0.16666666666666666,0.16666666666666666
1240,"[1,0,-1,1]","[0,1,0,1]",0.0,0.23076923076923078,0.7692307692307693
1241,"[1,0,-1,1]","[0,1,1,-1]",0.9285714285714286,0.07142857142857142,0.0
1242,"[1,0,-1,1]","[0,1,1,1]",0.1,0.2,0.7
1243,"[1,0,-1,1]","[1,-1,-1,0]",0.3,0.5,0.2
1244,"[1,0,-1,1]","[1,-1,0,-1]",0.5,0.3,0.2
1245,"[1,0,-1,1]","[1,-1,0,0]",0.2,0.1,0.7
1246,"[1,0,-1,1]","[1,0,1,-1]",0.8,0.2,0.0
1247,"[1,0,-1,1]","[1,0,1,0]",0.3,0.0,0.7
1248,"[1,0,-1,1]","[1,0,1,1]",0.5,0.0,0.5
1249,"[1,0,-1,1]","[1,1,1,0]",0.4,0.0,0.6
1250,"[1,0,0,-1]","[-1,-1,0,0]",0.3,0.0,0.7
1251,"[1,0,0,-1]","[-1,-1,0,1]",0.1,0.0,0.9
1252,"[1,0,0,-1]","[-1,0,-1,1]",0.25,0.0625,0.6875
1253,"[1,0,0,-1]","[-1,0,1,-1]",0.23076923076923078,0.5384615384615384,0.23076923076923078
1254,"[1,0,0,-1]","[-1,0,1,0]",0.3,0.3,0.4
1255,"[1,0,0,-1]","[-1,1,-1,0]",0.2,0.4,0.4
1256,"[1,0,0,-1]","[-1,1,0,-1]",0.1,0.8,0.1
1257,"[1,0,0,-1]","[-1,1,0,0]",0.09090909090909091,0.36363636363636365,0.5454545454545454
1258,"[1,0,0,-1]","[-1,1,1,0]",0.4,0.26666666666666666,0.3333333333333333
1259,"[1,0,0,-1]","[0,-1,0,-1]",0.26666666666666666,0.4,0.3333333333333333
1260,"[1,0,0,-1]","[0,-1,1,1]",0.36363636363636365,0.18181818181818182,0.45454545454545453
1261,"[1,0,0,-1]","[0,0,-1,-1]",0.45454545454545453,0.2727272727272727,0.2727272727272727
1262,"[1,0,0,-1]","[0,0,-1,1]",0.3,0.0,0.7
1263,"[1,0,0,-1]","[0,0,1,-1]",0.3,0.2,0.5
1264,"[1,0,0,-1]","[0,1,-1,-1]",0.6,0.4,0.0
1265,"[1,0,0,-1]","[0,1,-1,0]",0.3,0.0,0.7
1266,"[1,0,0,-1]","[0,1,0,-1]",0.2727272727272727,0.7272727272727273,0.0
1267,"[1,0,0,-1]","[0,1,0,1]",0.1,0.2,0.7
1268,"[1,0,0,-1]","[0,1,1,-1]",0.09090909090909091,0.6363636363636364,0.2727272727272727
1269,"[1,0,0,-1]","[0,1,1,0]",0.4,0.1,0.5
1270,"[1,0,0,-1]","[0,1,1,1]",0.1,0.2,0.7
1271,"[1,0,0,-1]","[1,-1,0,-1]",0.45454545454545453,0.18181818181818182,0.36363636363636365
1272,"[1,0,0,-1]","[1,-1,0,0]",0.2,0.0,0.8
1273,"[1,0,0,-1]","[1,-1,0,1]",0.5,0.2,0.3
1274,"[1,0,0,-1]","[1,0,-1,-1]",0.18181818181818182,0.7272727272727273,0.09090909090909091
1275,"[1,0,0,-1]","[1,0,-1,1]",0.5454545454545454,0.09090909090909091,0.36363636363636365
1276,"[1,0,0,-1]","[1,0,1,-1]",0.07142857142857142,0.6428571428571429,0.2857142857142857
1277,"[1,0,0,-1]","[1,0,1,1]",0.35714285714285715,0.0,0.6428571428571429
1278,"[1,0,0,-1]","[1,1,-1,0]",0.45454545454545453,0.09090909090909091,0.45454545454545453
1279,"[1,0,0,-1]","[1,1,0,-1]",0.18181818181818182,0.6363636363636364,0.18181818181818182
1280,"[1,0,0,-1]","[1,1,1,0]",0.5,0.1,0.4
1281,"[1,0,0,1]","[-1,-1,-1,0]",0.6111111111111112,0.05555555555555555,0.3333333333333333
1282,"[1,0,0,1]","[-1,0,-1,0]",0.6153846153846154,0.23076923076923078,0.15384615384615385
1283,"[1,0,0,1]","[-1,0,-1,1]",0.8,0.1,0.1
1284,"[1,0,0,1]","[-1,0,1,0]",0.6428571428571429,0.0,0.35714285714285715
1285,"[1,0,0,1]","[-1,1,0,-1]",0.9090909090909091,0.0,0.09090909090909091
1286,"[1,0,0,1]","[-1,1,0,0]",0.35294117647058826,0.058823529411764705,0.5882352941176471
1287,"[1,0,0,1]","[-1,1,1,0]",0.5833333333333334,0.08333333333333333,0.3333333333333333
1288,"[1,0,0,1]","[0,-1,-1,-1]",0.8,0.1,0.1
1289,"[1,0,0,1]","[0,-1,-1,0]",0.8,0.0,0.2
1290,"[1,0,0,1]","[0,-1,0,-1]",0.6666666666666666,0.13333333333333333,0.2
1291,"[1,0,0,1]","[0,-1,0,1]",0.7272727272727273,0.18181818181818182,0.09090909090909091
1292,"[1,0,0,1]","[0,0,-1,-1]",1.0,0.0,0.0
1293,"[1,0,0,1]","[0,0,1,-1]",0.8181818181818182,0.09090909090909091,0.09090909090909091
1294,"[1,0,0,1]","[0,1,-1,0]",0.6363636363636364,0.09090909090909091,0.2727272727272727
1295,"[1,0,0,1]","[0,1,0,-1]",0.9,0.0,0.1
1296,"[1,0,0,1]","[0,1,0,1]",0.36363636363636365,0.09090909090909091,0.5454545454545454
1297,"[1,0,0,1]","[0,1,1,-1]",1.0,0.0,0.0
1298,"[1,0,0,1]","[1,-1,-1,0]",0.7,0.2,0.1
1299,"[1,0,0,1]","[1,-1,0,0]",0.1,0.1,0.8
1300,"[1,0,0,1]","[1,-1,1,0]",0.8181818181818182,0.0,0.18181818181818182
1301,"[1,0,0,1]","[1,0,-1,-1]",0.9,0.1,0.0
1302,"[1,0,0,1]","[1,0,-1,1]",0.7272727272727273,0.0,0.2727272727272727
1303,"[1,0,0,1]","[1,0,0,-1]",0.9090909090909091,0.09090909090909091,0.0
1304,"[1,0,0,1]","[1,0,1,-1]",1.0,0.0,0.0
1305,"[1,0,0,1]","[1,1,-1,0]",0.8,0.0,0.2
1306,"[1,0,0,1]","[1,1,0,0]",0.5625,0.0,0.4375
1307,"[1,0,0,1]","[1,1,0,1]",0.45454545454545453,0.0,0.5454545454545454
1308,"[1,0,0,1]","[1,1,1,0]",0.9090909090909091,0.0,0.09090909090909091
1309,"[1,0,1,-1]","[-1,-1,-1,0]",0.2727272727272727,0.2727272727272727,0.45454545454545453
1310,"[1,0,1,-1]","[-1,-1,0,-1]",0.0,0.2,0.8
1311,"[1,0,1,-1]","[-1,-1,0,1]",0.2727272727272727,0.09090909090909091,0.6363636363636364
1312,"[1,0,1,-1]","[-1,0,-1,-1]",0.3,0.5,0.2
1313,"[1,0,1,-1]","[-1,0,-1,0]",0.0,0.2857142857142857,0.7142857142857143
1314,"[1,0,1,-1]","[-1,0,0,1]",0.0,0.0,1.0
1315,"[1,0,1,-1]","[-1,0,1,-1]",0.18181818181818182,0.5454545454545454,0.2727272727272727
1316,"[1,0,1,-1]","[-1,0,1,0]",0.0,0.5,0.5
1317,"[1,0,1,-1]","[-1,1,0,-1]",0.09090909090909091,0.8181818181818182,0.09090909090909091
1318,"[1,0,1,-1]","[-1,1,0,0]",0.0,0.23076923076923078,0.7692307692307693
1319,"[1,0,1,-1]","[-1,1,1,0]",0.06666666666666667,0.6,0.3333333333333333
1320,"[1,0,1,-1]","[0,-1,-1,-1]",0.2857142857142857,0.21428571428571427,0.5
1321,"[1,0,1,-1]","[0,-1,-1,1]",0.0,0.08333333333333333,0.9166666666666666
1322,"[1,0,1,-1]","[0,-1,0,-1]",0.0,0.8,0.2
1323,"[1,0,1,-1]","[0,-1,0,1]",0.0,0.1,0.9
1324,"[1,0,1,-1]","[0,-1,1,-1]",0.3,0.6,0.1
1325,"[1,0,1,-1]","[0,-1,1,1]",0.2727272727272727,0.09090909090909091,0.6363636363636364
1326,"[1,0,1,-1]","[0,1,-1,1]",0.2727272727272727,0.09090909090909091,0.6363636363636364
1327,"[1,0,1,-1]","[0,1,1,-1]",0.14285714285714285,0.7142857142857143,0.14285714285714285
1328,"[1,0,1,-1]","[0,1,1,0]",0.0,0.42857142857142855,0.5714285714285714
1329,"[1,0,1,-1]","[0,1,1,1]",0.2,0.2,0.6
1330,"[1,0,1,-1]","[1,-1,-1,0]",0.1,0.1,0.8
1331,"[1,0,1,-1]","[1,-1,0,-1]",0.058823529411764705,0.7647058823529411,0.17647058823529413
1332,"[1,0,1,-1]","[1,-1,0,1]",0.2,0.0,0.8
1333,"[1,0,1,-1]","[1,-1,1,0]",0.3,0.0,0.7
1334,"[1,0,1,-1]","[1,0,-1,0]",0.14285714285714285,0.07142857142857142,0.7857142857142857
1335,"[1,0,1,-1]","[1,0,1,1]",0.3,0.2,0.5
1336,"[1,0,1,-1]","[1,1,0,-1]",0.0,0.5,0.5
1337,"[1,0,1,0]","[-1,-1,1,0]",0.5714285714285714,0.07142857142857142,0.35714285714285715
1338,"[1,0,1,0]","[-1,0,-1,0]",0.8461538461538461,0.0,0.15384615384615385
1339,"[1,0,1,0]","[-1,0,1,-1]",0.7272727272727273,0.09090909090909091,0.18181818181818182
1340,"[1,0,1,0]","[-1,0,1,1]",0.4,0.1,0.5
1341,"[1,0,1,0]","[-1,1,-1,0]",1.0,0.0,0.0
1342,"[1,0,1,0]","[-1,1,0,0]",0.5,0.07142857142857142,0.42857142857142855
1343,"[1,0,1,0]","[-1,1,1,0]",0.5454545454545454,0.18181818181818182,0.2727272727272727
1344,"[1,0,1,0]","[0,-1,-1,-1]",0.8461538461538461,0.0,0.15384615384615385
1345,"[1,0,1,0]","[0,-1,-1,0]",0.7,0.0,0.3
1346,"[1,0,1,0]","[0,-1,-1,1]",0.6,0.2,0.2
1347,"[1,0,1,0]","[0,-1,0,1]",0.4,0.1,0.5
1348,"[1,0,1,0]","[0,0,-1,1]",0.6363636363636364,0.0,0.36363636363636365
1349,"[1,0,1,0]","[0,0,1,-1]",0.5,0.3,0.2
1350,"[1,0,1,0]","[0,1,-1,0]",0.5454545454545454,0.0,0.45454545454545453
1351,"[1,0,1,0]","[0,1,0,-1]",0.9,0.0,0.1
1352,"[1,0,1,0]","[0,1,1,0]",0.36363636363636365,0.36363636363636365,0.2727272727272727
1353,"[1,0,1,0]","[0,1,1,1]",0.4666666666666667,0.26666666666666666,0.26666666666666666
1354,"[1,0,1,0]","[1,-1,-1,0]",0.8,0.0,0.2
1355,"[1,0,1,0]","[1,-1,0,-1]",0.8,0.1,0.1
1356,"[1,0,1,0]","[1,-1,0,1]",0.5,0.1,0.4
1357,"[1,0,1,0]","[1,-1,1,0]",0.4,0.3,0.3
1358,"[1,0,1,0]","[1,0,-1,0]",0.9,0.0,0.1
1359,"[1,0,1,0]","[1,0,0,-1]",0.5,0.0,0.5
1360,"[1,0,1,0]","[1,0,0,1]",0.1875,0.125,0.6875
1361,"[1,0,1,0]","[1,0,1,-1]",0.6363636363636364,0.18181818181818182,0.18181818181818182
1362,"[1,0,1,0]","[1,1,0,-1]",0.7,0.2,0.1
1363,"[1,0,1,0]","[1,1,0,0]",0.46153846153846156,0.07692307692307693,0.46153846153846156
1364,"[1,0,1,0]","[1,1,1,0]",0.3,0.5,0.2
1365,"[1,0,1,1]","[-1,-1,-1,0]",0.5454545454545454,0.0,0.45454545454545453
1366,"[1,0,1,1]","[-1,-1,0,0]",0.0,0.0,1.0
1367,"[1,0,1,1]","[-1,-1,0,1]",0.0,0.18181818181818182,0.8181818181818182
1368,"[1,0,1,1]","[-1,0,-1,0]",0.6363636363636364,0.0,0.36363636363636365
1369,"[1,0,1,1]","[-1,0,0,1]",0.2,0.3,0.5
1370,"[1,0,1,1]","[-1,0,1,-1]",0.6,0.2,0.2
1371,"[1,0,1,1]","[-1,1,0,0]",0.06666666666666667,0.06666666666666667,0.8666666666666667
1372,"[1,0,1,1]","[-1,1,0,1]",0.07692307692307693,0.0,0.9230769230769231
1373,"[1,0,1,1]","[-1,1,1,0]",0.5,0.16666666666666666,0.3333333333333333
1374,"[1,0,1,1]","[0,-1,-1,-1]",0.9,0.1,0.0
1375,"[1,0,1,1]","[0,-1,1,-1]",0.6363636363636364,0.2727272727272727,0.09090909090909091
1376,"[1,0,1,1]","[0,0,-1,1]",0.6363636363636364,0.0,0.36363636363636365
1377,"[1,0,1,1]","[0,0,1,-1]",0.7142857142857143,0.14285714285714285,0.14285714285714285
1378,"[1,0,1,1]","[0,1,-1,-1]",0.5,0.0,0.5
1379,"[1,0,1,1]","[0,1,-1,1]",0.5,0.0,0.5
1380,"[1,0,1,1]","[0,1,0,-1]",0.6923076923076923,0.0,0.3076923076923077
1381,"[1,0,1,1]","[0,1,0,1]",0.14285714285714285,0.14285714285714285,0.7142857142857143
1382,"[1,0,1,1]","[0,1,1,-1]",0.7,0.2,0.1
1383,"[1,0,1,1]","[0,1,1,1]",0.45454545454545453,0.18181818181818182,0.36363636363636365
1384,"[1,0,1,1]","[1,-1,0,-1]",0.5454545454545454,0.0,0.45454545454545453
1385,"[1,0,1,1]","[1,-1,0,0]",0.2,0.0,0.8
1386,"[1,0,1,1]","[1,-1,1,0]",0.3,0.2,0.5
1387,"[1,0,1,1]","[1,0,-1,0]",0.36363636363636365,0.36363636363636365,0.2727272727272727
1388,"[1,0,1,1]","[1,0,0,1]",0.21428571428571427,0.21428571428571427,0.5714285714285714
1389,"[1,0,1,1]","[1,0,1,0]",0.3,0.2,0.5
1390,"[1,0,1,1]","[1,1,0,-1]",0.6,0.0,0.4
1391,"[1,0,1,1]","[1,1,0,1]",0.3,0.1,0.6
1392,"[1,1,-1,0]","[-1,-1,-1,0]",0.21428571428571427,0.42857142857142855,0.35714285714285715
1393,"[1,1,-1,0]","[-1,-1,0,-1]",0.5,0.1,0.4
1394,"[1,1,-1,0]","[-1,-1,0,1]",0.3076923076923077,0.07692307692307693,0.6153846153846154
1395,"[1,1,-1,0]","[-1,0,-1,-1]",0.5,0.4,0.1
1396,"[1,1,-1,0]","[-1,0,0,1]",0.18181818181818182,0.0,0.8181818181818182
1397,"[1,1,-1,0]","[-1,0,1,1]",0.2,0.1,0.7
1398,"[1,1,-1,0]","[-1,1,-1,0]",0.2727272727272727,0.5454545454545454,0.18181818181818182
1399,"[1,1,-1,0]","[-1,1,0,-1]",0.8181818181818182,0.0,0.18181818181818182
1400,"[1,1,-1,0]","[-1,1,0,0]",0.2,0.1,0.7
1401,"[1,1,-1,0]","[-1,1,0,1]",0.3,0.0,0.7
1402,"[1,1,-1,0]","[-1,1,1,0]",0.6363636363636364,0.09090909090909091,0.2727272727272727
1403,"[1,1,-1,0]","[0,-1,-1,0]",0.16666666666666666,0.5,0.3333333333333333
1404,"[1,1,-1,0]","[0,-1,-1,1]",0.4,0.4,0.2
1405,"[1,1,-1,0]","[0,-1,1,-1]",0.45454545454545453,0.09090909090909091,0.45454545454545453
1406,"[1,1,-1,0]","[0,-1,1,1]",0.36363636363636365,0.0,0.6363636363636364
1407,"[1,1,-1,0]","[0,0,1,1]",0.25,0.0,0.75
1408,"[1,1,-1,0]","[0,1,-1,-1]",0.4,0.4,0.2
1409,"[1,1,-1,0]","[0,1,-1,1]",0.3,0.7,0.0
1410,"[1,1,-1,0]","[0,1,0,-1]",0.7,0.0,0.3
1411,"[1,1,-1,0]","[0,1,1,-1]",0.8181818181818182,0.09090909090909091,0.09090909090909091
1412,"[1,1,-1,0]","[0,1,1,0]",0.2,0.2,0.6
1413,"[1,1,-1,0]","[1,-1,-1,0]",0.07142857142857142,0.7142857142857143,0.21428571428571427
1414,"[1,1,-1,0]","[1,-1,0,1]",0.3,0.1,0.6
1415,"[1,1,-1,0]","[1,-1,1,0]",0.2,0.1,0.7
1416,"[1,1,-1,0]","[1,0,-1,1]",0.14285714285714285,0.6428571428571429,0.21428571428571427
1417,"[1,1,-1,0]","[1,0,1,-1]",0.9090909090909091,0.09090909090909091,0.0
1418,"[1,1,-1,0]","[1,0,1,0]",0.2,0.2,0.6
1419,"[1,1,-1,0]","[1,0,1,1]",0.4,0.0,0.6
1420,"[1,1,-1,0]","[1,1,0,-1]",0.6363636363636364,0.09090909090909091,0.2727272727272727
1421,"[1,1,-1,0]","[1,1,0,1]",0.3,0.3,0.4
1422,"[1,1,0,-1]","[-1,-1,0,-1]",0.3,0.4,0.3
1423,"[1,1,0,-1]","[-1,-1,0,1]",0.1,0.2,0.7
1424,"[1,1,0,-1]","[-1,0,-1,0]",0.3,0.2,0.5
1425,"[1,1,0,-1]","[-1,0,-1,1]",0.2,0.1,0.7
1426,"[1,1,0,-1]","[-1,0,0,-1]",0.0,0.9,0.1
1427,"[1,1,0,-1]","[-1,1,-1,0]",0.4,0.2,0.4
1428,"[1,1,0,-1]","[-1,1,0,1]",0.09090909090909091,0.09090909090909091,0.8181818181818182
1429,"[1,1,0,-1]","[-1,1,1,0]",0.2,0.2,0.6
1430,"[1,1,0,-1]","[0,-1,-1,0]",0.5,0.1,0.4
1431,"[1,1,0,-1]","[0,-1,0,-1]",0.35714285714285715,0.5,0.14285714285714285
1432,"[1,1,0,-1]","[0,-1,0,1]",0.3,0.0,0.7
1433,"[1,1,0,-1]","[0,0,-1,-1]",0.6363636363636364,0.2727272727272727,0.09090909090909091
1434,"[1,1,0,-1]","[0,0,-1,1]",0.5,0.0,0.5
1435,"[1,1,0,-1]","[0,1,-1,-1]",0.2,0.6666666666666666,0.13333333333333333
1436,"[1,1,0,-1]","[0,1,0,-1]",0.1,0.6,0.3
1437,"[1,1,0,-1]","[0,1,1,-1]",0.2,0.7,0.1
1438,"[1,1,0,-1]","[0,1,1,1]",0.4,0.1,0.5
1439,"[1,1,0,-1]","[1,-1,0,0]",0.1,0.1,0.8
1440,"[1,1,0,-1]","[1,0,-1,-1]",0.3333333333333333,0.5833333333333334,0.08333333333333333
1441,"[1,1,0,-1]","[1,0,-1,0]",0.14285714285714285,0.07142857142857142,0.7857142857142857
1442,"[1,1,0,-1]","[1,0,-1,1]",0.3,0.1,0.6
1443,"[1,1,0,-1]","[1,0,0,1]",0.18181818181818182,0.18181818181818182,0.6363636363636364
1444,"[1,1,0,-1]","[1,1,0,1]",0.1111111111111111,0.1111111111111111,0.7777777777777778
1445,"[1,1,0,0]","[-1,-1,-1,0]",0.7272727272727273,0.09090909090909091,0.18181818181818182
1446,"[1,1,0,0]","[-1,-1,0,-1]",0.9,0.0,0.1
1447,"[1,1,0,0]","[-1,-1,0,1]",0.6,0.2,0.2
1448,"[1,1,0,0]","[-1,-1,1,0]",0.7,0.0,0.3
1449,"[1,1,0,0]","[-1,0,-1,0]",0.7272727272727273,0.0,0.2727272727272727
1450,"[1,1,0,0]","[-1,0,1,-1]",0.9,0.0,0.1
1451,"[1,1,0,0]","[-1,0,1,0]",0.6,0.2,0.2
1452,"[1,1,0,0]","[-1,0,1,1]",0.9,0.0,0.1
1453,"[1,1,0,0]","[-1,1,-1,0]",0.6363636363636364,0.18181818181818182,0.18181818181818182
1454,"[1,1,0,0]","[-1,1,0,-1]",1.0,0.0,0.0
1455,"[1,1,0,0]","[-1,1,0,0]",0.8181818181818182,0.09090909090909091,0.09090909090909091
1456,"[1,1,0,0]","[-1,1,0,1]",0.2,0.2,0.6
1457,"[1,1,0,0]","[-1,1,1,0]",0.6363636363636364,0.0,0.36363636363636365
1458,"[1,1,0,0]","[0,-1,-1,-1]",0.5333333333333333,0.06666666666666667,0.4
1459,"[1,1,0,0]","[0,-1,0,1]",0.4666666666666667,0.06666666666666667,0.4666666666666667
1460,"[1,1,0,0]","[0,-1,1,-1]",0.9090909090909091,0.0,0.09090909090909091
1461,"[1,1,0,0]","[0,0,-1,-1]",0.75,0.16666666666666666,0.08333333333333333
1462,"[1,1,0,0]","[0,0,-1,1]",0.6363636363636364,0.09090909090909091,0.2727272727272727
1463,"[1,1,0,0]","[0,0,1,-1]",0.9090909090909091,0.09090909090909091,0.0
1464,"[1,1,0,0]","[0,0,1,1]",0.8,0.1,0.1
1465,"[1,1,0,0]","[0,1,-1,-1]",0.8181818181818182,0.09090909090909091,0.09090909090909091
1466,"[1,1,0,0]","[0,1,0,-1]",0.9,0.0,0.1
1467,"[1,1,0,0]","[1,-1,0,-1]",0.5454545454545454,0.2727272727272727,0.18181818181818182
1468,"[1,1,0,0]","[1,-1,0,0]",0.7,0.0,0.3
1469,"[1,1,0,0]","[1,-1,1,0]",0.45454545454545453,0.18181818181818182,0.36363636363636365
1470,"[1,1,0,0]","[1,0,-1,-1]",0.8,0.1,0.1
1471,"[1,1,0,0]","[1,0,-1,0]",1.0,0.0,0.0
1472,"[1,1,0,0]","[1,0,-1,1]",0.6,0.0,0.4
1473,"[1,1,0,0]","[1,0,0,-1]",0.8,0.2,0.0
1474,"[1,1,0,0]","[1,0,1,-1]",0.9,0.0,0.1
1475,"[1,1,0,0]","[1,0,1,1]",0.7,0.2,0.1
1476,"[1,1,0,0]","[1,1,-1,0]",0.4,0.3,0.3
1477,"[1,1,0,0]","[1,1,0,-1]",0.8,0.2,0.0
1478,"[1,1,0,1]","[-1,-1,0,0]",0.2,0.0,0.8
1479,"[1,1,0,1]","[-1,0,-1,-1]",0.6,0.1,0.3
1480,"[1,1,0,1]","[-1,0,-1,0]",0.7333333333333333,0.0,0.26666666666666666
1481,"[1,1,0,1]","[-1,0,0,-1]",0.8,0.1,0.1
1482,"[1,1,0,1]","[-1,0,1,0]",0.5454545454545454,0.0,0.45454545454545453
1483,"[1,1,0,1]","[-1,1,0,0]",0.4375,0.0625,0.5
1484,"[1,1,0,1]","[-1,1,0,1]",0.5,0.2857142857142857,0.21428571428571427
1485,"[1,1,0,1]","[0,-1,-1,-1]",0.7,0.1,0.2
1486,"[1,1,0,1]","[0,-1,-1,0]",0.5,0.0,0.5
1487,"[1,1,0,1]","[0,-1,-1,1]",0.8181818181818182,0.0,0.18181818181818182
1488,"[1,1,0,1]","[0,-1,0,-1]",0.7,0.0,0.3
1489,"[1,1,0,1]","[0,-1,1,-1]",0.8,0.0,0.2
1490,"[1,1,0,1]","[0,-1,1,0]",0.6,0.1,0.3
1491,"[1,1,0,1]","[0,-1,1,1]",0.8,0.0,0.2
1492,"[1,1,0,1]","[0,0,-1,-1]",0.8333333333333334,0.0,0.16666666666666666
1493,"[1,1,0,1]","[0,0,-1,1]",0.8,0.0,0.2
1494,"[1,1,0,1]","[0,0,1,-1]",0.5,0.1,0.4
1495,"[1,1,0,1]","[0,1,-1,0]",0.8,0.0,0.2
1496,"[1,1,0,1]","[0,1,-1,1]",0.8,0.1,0.1
1497,"[1,1,0,1]","[0,1,0,-1]",0.8461538461538461,0.07692307692307693,0.07692307692307693
1498,"[1,1,0,1]","[0,1,1,0]",0.9285714285714286,0.0,0.07142857142857142
1499,"[1,1,0,1]","[1,-1,0,0]",0.2,0.06666666666666667,0.7333333333333333
1500,"[1,1,0,1]","[1,-1,0,1]",0.5714285714285714,0.07142857142857142,0.35714285714285715
1501,"[1,1,0,1]","[1,-1,1,0]",0.8,0.0,0.2
1502,"[1,1,0,1]","[1,0,-1,0]",0.5,0.3,0.2
1503,"[1,1,0,1]","[1,0,-1,1]",0.7,0.0,0.3
1504,"[1,1,0,1]","[1,0,0,-1]",0.8181818181818182,0.0,0.18181818181818182
1505,"[1,1,0,1]","[1,0,1,-1]",1.0,0.0,0.0
1506,"[1,1,0,1]","[1,0,1,0]",0.3125,0.0,0.6875
1507,"[1,1,0,1]","[1,1,0,0]",0.6,0.1,0.3
1508,"[1,1,0,1]","[1,1,1,0]",0.7272727272727273,0.09090909090909091,0.18181818181818182
1509,"[1,1,1,0]","[-1,-1,-1,0]",0.7647058823529411,0.0,0.23529411764705882
1510,"[1,1,1,0]","[-1,-1,0,0]",0.07142857142857142,0.07142857142857142,0.8571428571428571
1511,"[1,1,1,0]","[-1,-1,0,1]",0.5454545454545454,0.0,0.45454545454545453
1512,"[1,1,1,0]","[-1,0,-1,-1]",0.8,0.2,0.0
1513,"[1,1,1,0]","[-1,0,-1,0]",0.6,0.0,0.4
1514,"[1,1,1,0]","[-1,0,-1,1]",0.6,0.0,0.4
1515,"[1,1,1,0]","[-1,0,1,-1]",0.4117647058823529,0.23529411764705882,0.35294117647058826
1516,"[1,1,1,0]","[-1,0,1,0]",0.5,0.1,0.4
1517,"[1,1,1,0]","[-1,0,1,1]",0.5714285714285714,0.07142857142857142,0.35714285714285715
1518,"[1,1,1,0]","[-1,1,0,-1]",0.5,0.2777777777777778,0.2222222222222222
1519,"[1,1,1,0]","[-1,1,0,0]",0.2,0.2,0.6
1520,"[1,1,1,0]","[-1,1,0,1]",0.09090909090909091,0.0,0.9090909090909091
1521,"[1,1,1,0]","[0,-1,-1,-1]",0.9,0.0,0.1
1522,"[1,1,1,0]","[0,-1,0,1]",0.36363636363636365,0.0,0.6363636363636364
1523,"[1,1,1,0]","[0,-1,1,-1]",0.6,0.3,0.1
1524,"[1,1,1,0]","[0,0,-1,-1]",0.8,0.1,0.1
1525,"[1,1,1,0]","[0,0,-1,1]",0.6,0.1,0.3
1526,"[1,1,1,0]","[0,1,-1,0]",0.8,0.0,0.2
1527,"[1,1,1,0]","[0,1,-1,1]",0.5454545454545454,0.0,0.45454545454545453
1528,"[1,1,1,0]","[0,1,0,-1]",0.4375,0.25,0.3125
1529,"[1,1,1,0]","[0,1,1,1]",0.3,0.3,0.4
1530,"[1,1,1,0]","[1,-1,-1,0]",0.6153846153846154,0.07692307692307693,0.3076923076923077
1531,"[1,1,1,0]","[1,-1,0,-1]",0.5,0.3,0.2
1532,"[1,1,1,0]","[1,-1,0,1]",0.5454545454545454,0.0,0.45454545454545453
1533,"[1,1,1,0]","[1,0,-1,-1]",0.8181818181818182,0.0,0.18181818181818182
1534,"[1,1,1,0]","[1,0,-1,0]",0.5294117647058824,0.11764705882352941,0.35294117647058826
1535,"[1,1,1,0]","[1,0,1,-1]",0.8,0.0,0.2
1536,"[1,1,1,0]","[1,0,1,1]",0.5454545454545454,0.18181818181818182,0.2727272727272727
1537,"[1,1,1,0]","[1,1,-1,0]",0.4,0.3,0.3
1538,"[1,1,1,0]","[1,1,0,-1]",0.5833333333333334,0.16666666666666666,0.25
1539,"[1,1,1,0]","[1,1,0,0]",0.18181818181818182,0.09090909090909091,0.7272727272727273
